merchant_id,merchant_name,merchant_category,region,commission_rate,total_turnover,num_of_transactions,num_of_unique_clients,avg_transaction_amount,rank_in_category_region,total_commission_earned,Adulte,Age Moyen,Jeune,Senior
M00275,MotorHub 76,Automotive,Auvergne-Rhône-Alpes,0.0236,334009.9900000001,265,252,1260.415056603774,1,7882.635764000002,99829.05000000003,97844.82999999999,38199.77000000001,98136.34
M00481,AutoCenter 82,Automotive,Auvergne-Rhône-Alpes,0.0588,273924.18999999994,246,236,1113.5129674796747,2,16106.742371999997,87491.09999999998,100485.96999999997,19862.519999999997,66084.59999999999
M00045,AutoShop 46,Automotive,Auvergne-Rhône-Alpes,0.0567,247208.34000000003,181,177,1365.7919337016576,3,14016.712878000002,73669.31,83718.16,18037.139999999996,71783.73
M00248,CarParts 49,Automotive,Auvergne-Rhône-Alpes,0.0645,213643.21000000002,176,170,1213.881875,4,13779.987045000002,73404.42,60555.6,17717.8,61965.39
M00235,CarParts 36,Automotive,Auvergne-Rhône-Alpes,0.0622,195075.13999999996,201,195,970.5230845771142,5,12133.673707999997,46907.83,64266.299999999996,41844.540000000015,42056.470000000016
M00114,AutoCenter 15,Automotive,Auvergne-Rhône-Alpes,0.0203,173645.63000000018,160,157,1085.285187500001,6,3525.0062890000036,53151.54,51253.369999999995,22619.350000000002,46621.36999999999
M00225,MotorHub 26,Automotive,Auvergne-Rhône-Alpes,0.0798,132943.35999999996,154,153,863.2685714285711,7,10608.880127999995,39764.610000000015,40295.89000000001,8800.899999999998,44081.95999999999
M00469,MotorHub 70,Automotive,Auvergne-Rhône-Alpes,0.038,106552.52999999998,138,132,772.1197826086956,8,4048.9961399999993,28263.180000000004,35403.64,17589.220000000005,25296.490000000005
M00003,CarParts 4,Automotive,Auvergne-Rhône-Alpes,0.0786,91536.56999999999,106,105,863.5525471698113,9,7194.774402,31582.089999999993,29168.0,9588.970000000001,21197.510000000006
M00080,MotorHub 81,Automotive,Bretagne,0.0163,307285.5900000001,284,271,1081.9915140845073,1,5008.755117000001,87866.55999999998,87689.13000000005,28546.850000000006,103183.04999999999
M00345,AutoShop 46,Automotive,Bretagne,0.0426,276435.57000000007,207,199,1335.4375362318845,2,11776.155282000003,84288.70000000001,66837.73999999998,41019.84,84289.29000000002
M00399,AutoShop 100,Automotive,Bretagne,0.0706,253984.18000000002,231,223,1099.4986147186148,3,17931.283108,59733.619999999995,101884.36000000002,35969.51000000001,56396.68999999998
M00464,AutoCenter 65,Automotive,Bretagne,0.0825,207651.8899999999,238,227,872.4869327731088,4,17131.280924999992,58817.00999999999,72123.37999999996,29541.859999999997,47169.639999999985
M00414,AutoCenter 15,Automotive,Bretagne,0.0513,153909.52000000008,137,133,1123.4271532846722,5,7895.558376000004,34179.97,51507.44999999999,19833.1,48389.0
M00015,CarParts 16,Automotive,Bretagne,0.0107,120855.81000000004,103,100,1173.3573786407771,6,1293.1571670000003,25923.659999999996,39053.59000000001,16512.090000000004,39366.47
M00262,CarParts 63,Automotive,Grand Est,0.031,549507.4700000003,404,375,1360.1670049504958,1,17034.73157000001,163576.60000000006,199064.0500000001,44644.78,142222.03999999998
M00283,AutoShop 84,Automotive,Grand Est,0.0482,377655.64999999997,312,300,1210.4347756410255,2,18203.00233,102266.88999999998,106434.04999999999,51625.04000000001,117329.66999999998
M00477,AutoShop 78,Automotive,Grand Est,0.0568,275093.9800000001,179,177,1536.8378770949726,3,15625.338064000007,65706.62,107406.48999999998,24673.259999999995,77307.61000000002
M00357,MotorHub 58,Automotive,Grand Est,0.0854,202254.46999999994,212,203,954.0305188679242,4,17272.531737999994,60496.440000000024,62841.31999999999,16790.11,62126.6
M00164,CarParts 65,Automotive,Grand Est,0.0938,161684.53999999998,220,209,734.9297272727272,5,15166.009851999997,43833.07000000001,44731.76000000001,22235.690000000006,50884.01999999999
M00343,CarParts 44,Automotive,Hauts-de-France,0.0353,195334.52999999997,227,219,860.5045374449338,1,6895.3089089999985,44526.58000000001,71393.83,34362.799999999996,45051.32000000001
M00356,CarParts 57,Automotive,Hauts-de-France,0.0966,126096.06999999996,162,153,778.3708024691356,2,12180.880361999996,42701.99000000001,23729.650000000005,21250.37,38414.05999999999
M00024,CarParts 25,Automotive,Ile-de-France,0.0978,363430.60999999987,348,329,1044.340833333333,1,35543.51365799999,96237.22,115342.59,40210.39,111640.41
M00438,AutoShop 39,Automotive,Ile-de-France,0.0595,266650.7400000001,311,301,857.3978778135051,2,15865.719030000006,62845.09,86500.71,39708.020000000004,77596.92000000003
M00499,AutoCenter 100,Automotive,Ile-de-France,0.0548,235304.62999999992,219,211,1074.4503652968033,3,12894.693723999995,71075.1,61872.039999999986,32056.51,70300.98000000001
M00177,CarParts 78,Automotive,Ile-de-France,0.0236,130800.58000000002,132,131,990.9134848484849,4,3086.893688,33407.259999999995,39125.33000000001,19348.569999999996,38919.420000000006
M00483,CarParts 84,Automotive,Ile-de-France,0.0249,108438.31000000001,121,120,896.1843801652893,5,2700.1139190000004,26433.7,31426.05,15543.97,35034.58999999999
M00063,MotorHub 64,Automotive,Normandie,0.0514,171248.18,175,172,978.5610285714286,1,8802.156452,57013.83999999999,45550.229999999996,14006.960000000001,54677.15
M00406,CarParts 7,Automotive,Normandie,0.0965,65183.370000000024,120,119,543.1947500000002,2,6290.195205000003,25396.520000000008,15972.08,7189.0199999999995,16625.75
M00229,AutoCenter 30,Automotive,Nouvelle-Aquitaine,0.047,408452.27,323,297,1264.5581114551085,1,19197.256690000002,129777.97000000003,120698.4,55072.12999999998,102903.77000000002
M00303,CarParts 4,Automotive,Nouvelle-Aquitaine,0.0493,257193.82999999993,191,186,1346.5645549738217,2,12679.655818999996,88653.31999999998,75599.56999999999,37564.87000000001,55376.070000000014
M00193,CarParts 94,Automotive,Nouvelle-Aquitaine,0.0991,232126.7,266,255,872.6567669172932,3,23003.75597,69962.54000000004,52466.759999999995,25886.160000000003,83811.24000000002
M00417,CarParts 18,Automotive,Nouvelle-Aquitaine,0.0607,208260.91999999993,163,161,1277.6743558282203,4,12641.437843999995,69203.64000000001,61833.74999999998,17441.09,59782.44000000002
M00269,AutoShop 70,Automotive,Nouvelle-Aquitaine,0.0656,205834.79000000007,160,158,1286.4674375000004,5,13502.762224000006,66972.52,52889.889999999985,30503.29,55469.08999999998
M00014,CarParts 15,Automotive,Nouvelle-Aquitaine,0.0261,195648.27000000002,134,129,1460.0617164179105,6,5106.419847000001,58531.72,51132.469999999994,31612.94,54371.14
M00319,AutoCenter 20,Automotive,Nouvelle-Aquitaine,0.0392,160013.28000000006,165,160,969.7774545454549,7,6272.520576000002,51460.19,43713.08,25013.459999999992,39826.55
M00085,CarParts 86,Automotive,Nouvelle-Aquitaine,0.0736,142562.13,151,148,944.1200662251656,8,10492.572768,38728.390000000014,44232.15,17568.5,42033.090000000004
M00305,AutoShop 6,Automotive,Occitanie,0.0522,406358.4099999999,319,301,1273.8508150470216,1,21211.909001999997,124799.37999999998,94957.44999999992,55854.0,130747.57999999997
M00263,CarParts 64,Automotive,Occitanie,0.0612,300509.70999999996,227,218,1323.831321585903,2,18391.194251999998,83125.65999999999,88402.35000000002,43414.51,85567.19000000005
M00247,CarParts 48,Automotive,Occitanie,0.0675,218458.8,122,119,1790.6459016393442,3,14745.969000000001,66755.45999999999,62964.380000000005,29757.640000000003,58981.32000000001
M00053,MotorHub 54,Automotive,Occitanie,0.0337,204174.62,166,160,1229.9675903614457,4,6880.684694,61024.72000000001,70874.69,28269.240000000005,44005.969999999994
M00068,AutoShop 69,Automotive,Occitanie,0.0406,111601.60999999997,102,101,1094.1334313725488,5,4531.025365999999,42283.840000000004,24173.98,14290.88,30852.91
M00203,MotorHub 4,Automotive,Occitanie,0.0917,109539.25000000001,131,130,836.1774809160306,6,10044.749225000001,29544.98,35628.05,23866.97,20499.25
M00126,AutoShop 27,Automotive,Pays de la Loire,0.0738,359904.33999999985,323,311,1114.2549226006188,1,26560.940291999992,116592.65000000002,97285.78000000003,37696.59,108329.31999999999
M00287,AutoShop 88,Automotive,Pays de la Loire,0.099,295240.49000000005,220,210,1342.0022272727274,2,29228.808510000006,99318.89000000001,91600.79999999997,38660.25,65660.55
M00492,CarParts 93,Automotive,Pays de la Loire,0.0926,280787.77999999997,244,240,1150.7695901639343,3,26000.948427999996,78523.19000000002,86867.02999999998,27219.5,88178.05999999998
M00216,AutoCenter 17,Automotive,Pays de la Loire,0.0389,203102.24000000008,216,210,940.2881481481485,4,7900.677136000002,49138.71,62134.15999999998,23466.260000000002,68363.10999999999
M00468,AutoShop 69,Automotive,Provence-Alpes-Côte d'Azur,0.0186,271991.81000000006,254,243,1070.8338976377954,1,5059.047666,76685.79000000002,74459.41000000002,48122.09,72724.51999999999
M00050,CarParts 51,Automotive,Provence-Alpes-Côte d'Azur,0.0361,205795.14999999994,154,150,1336.3321428571423,2,7429.2049149999975,60148.68,49861.73000000002,30315.230000000003,65469.510000000024
M00135,MotorHub 36,Automotive,Provence-Alpes-Côte d'Azur,0.0853,188199.44,131,128,1436.6369465648854,3,16053.412232,43018.65999999998,62982.34000000001,26502.670000000002,55695.770000000004
M00127,GlowShop 28,Beauty,Auvergne-Rhône-Alpes,0.0692,33638.30999999999,271,264,124.12660516605162,1,2327.771051999999,9025.119999999999,10883.050000000001,4206.639999999999,9523.500000000002
M00104,GlowShop 5,Beauty,Auvergne-Rhône-Alpes,0.0106,28365.470000000016,215,206,131.93241860465125,2,300.6739820000002,6873.15,10587.079999999996,3733.6899999999996,7171.550000000004
M00375,BeautyCorner 76,Beauty,Auvergne-Rhône-Alpes,0.0921,22661.410000000003,209,205,108.42779904306222,3,2087.115861,5338.340000000002,7722.3099999999995,3016.44,6584.320000000002
M00156,CosmeticHub 57,Beauty,Auvergne-Rhône-Alpes,0.0156,22000.159999999985,195,187,112.82133333333326,4,343.20249599999977,5615.339999999997,7231.600000000002,2204.17,6949.049999999999
M00475,BeautyCorner 76,Beauty,Auvergne-Rhône-Alpes,0.0587,12099.309999999994,149,147,81.2034228187919,5,710.2294969999997,3433.4300000000003,3655.1200000000017,1586.95,3423.8100000000004
M00436,GlowShop 37,Beauty,Bretagne,0.0998,22120.799999999996,159,152,139.12452830188676,1,2207.6558399999994,4968.530000000001,7917.090000000002,3071.0499999999993,6164.13
M00447,BeautyCorner 48,Beauty,Bretagne,0.1,18758.97,129,128,145.41837209302327,2,1875.8970000000002,5763.6900000000005,5064.42,2820.5600000000004,5110.3
M00295,BeautyCorner 96,Beauty,Bretagne,0.0973,16792.010000000006,142,140,118.25359154929582,3,1633.8625730000006,6192.829999999999,4104.84,1445.33,5049.009999999999
M00055,BeautyCorner 56,Beauty,Bretagne,0.0332,15363.820000000002,192,189,80.01989583333334,4,510.07882400000005,4395.45,4046.4900000000002,1942.11,4979.77
M00401,CosmeticHub 2,Beauty,Grand Est,0.0324,32921.80999999999,341,320,96.54489736070379,1,1066.6666439999997,9091.900000000003,10583.449999999997,4342.5599999999995,8903.9
M00163,CosmeticHub 64,Beauty,Grand Est,0.0537,32704.159999999996,270,257,121.12651851851851,2,1756.2133919999997,8094.880000000001,10255.72,4537.25,9816.310000000001
M00422,GlowShop 23,Beauty,Grand Est,0.0752,19909.279999999988,189,186,105.34010582010576,3,1497.177855999999,5905.869999999999,5603.549999999998,2630.07,5769.790000000002
M00131,BeautyCorner 32,Beauty,Grand Est,0.0154,18181.739999999994,122,120,149.03065573770488,4,279.9987959999999,4918.0,5077.39,1550.6799999999998,6635.67
M00205,BeautyWorld 6,Beauty,Grand Est,0.0934,17161.5,189,183,90.8015873015873,5,1602.8841,4259.2699999999995,5912.959999999999,2532.0899999999997,4457.18
M00261,BeautyCorner 62,Beauty,Hauts-de-France,0.0256,32480.40000000001,271,263,119.85387453874542,1,831.4982400000002,8609.939999999999,13030.259999999998,3040.25,7799.95
M00297,GlowShop 98,Beauty,Hauts-de-France,0.0959,29257.77,228,224,128.32355263157896,2,2805.820143,10153.99,8679.34,2871.7499999999995,7552.690000000001
M00139,BeautyCorner 40,Beauty,Hauts-de-France,0.0489,27443.97999999999,239,231,114.82836820083678,3,1342.0106219999993,9446.230000000001,7961.03,3799.5499999999997,6237.170000000001
M00222,GlowShop 23,Beauty,Hauts-de-France,0.0919,22613.19,265,251,85.33279245283019,4,2078.152161,7484.42,6146.94,2199.91,6781.920000000003
M00267,BeautyWorld 68,Beauty,Hauts-de-France,0.0564,16505.18,164,162,100.64134146341463,5,930.892152,4684.199999999999,4163.390000000001,2114.36,5543.229999999999
M00339,CosmeticHub 40,Beauty,Hauts-de-France,0.0877,16407.510000000006,163,159,100.65957055214727,6,1438.9386270000005,5784.490000000001,4579.0,1727.1,4316.919999999999
M00186,BeautyCorner 87,Beauty,Ile-de-France,0.0178,37025.44000000002,292,279,126.79945205479459,1,659.0528320000003,10784.560000000003,10928.75,3827.18,11484.949999999997
M00232,GlowShop 33,Beauty,Ile-de-France,0.0252,25983.070000000018,236,232,110.09775423728821,2,654.7733640000005,7661.360000000001,7960.779999999998,3118.1,7242.83
M00296,CosmeticHub 97,Beauty,Ile-de-France,0.0541,22559.830000000016,140,136,161.14164285714298,3,1220.486803000001,6550.800000000002,7429.990000000001,2600.62,5978.42
M00430,CosmeticHub 31,Beauty,Ile-de-France,0.0222,20199.020000000008,196,193,103.05622448979595,4,448.4182440000002,6330.070000000001,5896.139999999999,2188.8599999999997,5783.949999999998
M00409,CosmeticHub 10,Beauty,Normandie,0.0984,34597.40000000001,245,238,141.21387755102043,1,3404.384160000001,8221.720000000001,9346.869999999999,5869.179999999999,11159.630000000001
M00161,CosmeticHub 62,Beauty,Normandie,0.0559,33042.62999999999,266,261,124.22041353383455,2,1847.0830169999995,9731.38,10691.330000000002,3503.52,9116.399999999998
M00367,BeautyWorld 68,Beauty,Normandie,0.0142,13903.16,124,121,112.12225806451613,3,197.42487200000002,3742.1300000000006,4399.910000000001,2074.6300000000006,3686.4899999999993
M00373,GlowShop 74,Beauty,Nouvelle-Aquitaine,0.0951,43390.899999999994,300,291,144.6363333333333,1,4126.47459,12191.960000000003,12325.030000000004,6363.69,12510.219999999998
M00286,BeautyCorner 87,Beauty,Nouvelle-Aquitaine,0.0819,25350.230000000007,244,235,103.89438524590167,2,2076.1838370000005,7156.880000000001,6086.699999999999,4456.85,7649.800000000002
M00176,BeautyCorner 77,Beauty,Nouvelle-Aquitaine,0.022,15055.25,154,148,97.76136363636364,3,331.21549999999996,6242.129999999999,4007.25,1184.1100000000001,3621.7599999999993
M00429,BeautyWorld 30,Beauty,Occitanie,0.0701,34708.97999999999,302,281,114.93039735099335,1,2433.099497999999,9419.960000000003,10569.989999999998,5279.03,9440.0
M00279,BeautyCorner 80,Beauty,Occitanie,0.0952,23963.620000000006,220,210,108.92554545454549,2,2281.336624000001,7868.54,5940.08,2740.0,7414.999999999997
M00194,GlowShop 95,Beauty,Occitanie,0.0296,15849.200000000004,239,230,66.31464435146445,3,469.1363200000001,4822.050000000001,4721.12,2130.7999999999997,4175.230000000001
M00138,BeautyCorner 39,Beauty,Pays de la Loire,0.0585,31731.65,284,269,111.73116197183099,1,1856.301525,9220.029999999997,10384.9,3765.5899999999997,8361.130000000001
M00101,CosmeticHub 2,Beauty,Pays de la Loire,0.0365,23883.510000000013,142,138,168.1937323943663,2,871.7481150000004,8125.299999999998,7828.880000000001,2221.4199999999996,5707.910000000001
M00230,BeautyCorner 31,Beauty,Pays de la Loire,0.0678,22204.770000000008,181,172,122.67828729281773,3,1505.4834060000005,6199.659999999998,6732.879999999999,2857.7500000000005,6414.4800000000005
M00039,BeautyWorld 40,Beauty,Pays de la Loire,0.0794,17418.58,160,156,108.86612500000001,4,1383.0352520000001,5310.379999999998,4318.490000000002,2550.4799999999996,5239.23
M00437,BeautyCorner 38,Beauty,Pays de la Loire,0.0313,14617.759999999998,113,112,129.36070796460174,5,457.53588799999994,4802.780000000001,4297.68,2163.97,3353.3300000000004
M00119,CosmeticHub 20,Beauty,Provence-Alpes-Côte d'Azur,0.0947,36988.38,238,233,155.4133613445378,1,3502.799586,11039.390000000001,11891.090000000002,4468.33,9589.57
M00246,BeautyWorld 47,Beauty,Provence-Alpes-Côte d'Azur,0.0485,23584.56,226,211,104.35646017699116,2,1143.8511600000002,5466.980000000002,7989.579999999999,4207.4000000000015,5920.6
M00325,GlowShop 26,Beauty,Provence-Alpes-Côte d'Azur,0.0791,20704.379999999994,165,159,125.48109090909087,3,1637.7164579999996,6894.920000000001,6167.920000000001,1641.84,5999.699999999998
M00143,CosmeticHub 44,Beauty,Provence-Alpes-Côte d'Azur,0.0755,19396.58,146,142,132.8532876712329,4,1464.44179,6134.449999999999,6146.620000000002,2807.35,4308.159999999999
M00360,ReadMore 61,Books,Auvergne-Rhône-Alpes,0.072,9027.05,277,266,32.58862815884476,1,649.9475999999999,2812.810000000001,2924.07,992.74,2297.4300000000003
M00026,ReadMore 27,Books,Auvergne-Rhône-Alpes,0.0399,3415.3199999999997,105,104,32.52685714285714,2,136.271268,887.6,841.7399999999998,325.3500000000001,1360.6300000000006
M00065,ReadMore 66,Books,Auvergne-Rhône-Alpes,0.0898,2953.6799999999994,110,107,26.85163636363636,3,265.240464,878.1299999999999,955.1500000000002,374.4699999999999,745.93
M00182,LibraryShop 83,Books,Bretagne,0.0486,8690.459999999995,232,224,37.458879310344805,1,422.3563559999998,2389.59,2667.56,987.6299999999998,2645.68
M00288,BookHaven 89,Books,Bretagne,0.0392,7883.949999999994,266,259,29.63890977443607,2,309.05083999999977,2505.5299999999997,2664.2699999999986,768.82,1945.3300000000004
M00098,BookCorner 99,Books,Bretagne,0.0891,6042.189999999999,201,197,30.060646766169146,3,538.3591289999998,1966.44,1578.5999999999997,899.3500000000001,1597.8
M00224,ReadMore 25,Books,Bretagne,0.0657,5947.94,228,221,26.087456140350877,4,390.7796579999999,1715.8599999999997,1779.75,806.9499999999999,1645.3800000000003
M00439,LibraryShop 40,Books,Bretagne,0.0292,5619.680000000003,168,167,33.45047619047621,5,164.0946560000001,1805.1200000000006,1695.9800000000005,683.82,1434.7600000000002
M00054,BookHaven 55,Books,Bretagne,0.0436,5026.959999999999,208,206,24.168076923076917,6,219.17545599999997,1434.0399999999997,1666.4299999999994,471.7899999999999,1454.6999999999998
M00344,LibraryShop 45,Books,Bretagne,0.0327,4977.669999999997,213,204,23.36934272300468,7,162.76980899999992,1483.9500000000003,1354.100000000001,652.87,1486.7500000000005
M00462,ReadMore 63,Books,Bretagne,0.0592,4721.510000000001,168,165,28.104226190476197,8,279.51339200000007,1151.2800000000002,1622.84,925.2500000000001,1022.14
M00091,ReadMore 92,Books,Bretagne,0.0335,4719.430000000001,194,187,24.326958762886605,9,158.10090500000004,1346.52,1371.68,643.7199999999998,1357.51
M00496,ReadMore 97,Books,Bretagne,0.0876,4700.44,174,168,27.014022988505744,10,411.758544,1422.0200000000002,1710.9299999999996,470.8,1096.6900000000003
M00038,LibraryShop 39,Books,Bretagne,0.0782,4598.37,145,142,31.712896551724135,11,359.592534,1232.89,1469.7800000000004,632.38,1263.3200000000002
M00347,LibraryShop 48,Books,Bretagne,0.047,4581.3,138,131,33.197826086956525,12,215.3211,1330.0400000000002,1192.6,677.97,1380.6899999999994
M00028,ReadMore 29,Books,Bretagne,0.0226,4507.719999999999,158,154,28.529873417721515,13,101.87447199999998,1408.6600000000003,1150.16,480.05,1468.85
M00495,BookHaven 96,Books,Bretagne,0.025,2996.3499999999995,124,123,24.164112903225803,14,74.90874999999998,1100.05,845.29,323.29,727.72
M00124,LibraryShop 25,Books,Grand Est,0.0708,3484.0899999999992,161,156,21.640310559006206,1,246.67357199999995,1064.3100000000004,1248.5599999999995,337.47,833.75
M00412,BookHaven 13,Books,Hauts-de-France,0.071,8748.109999999999,251,245,34.85302788844621,1,621.1158099999999,2554.5900000000006,2479.6900000000005,1293.6599999999999,2420.169999999999
M00410,LibraryShop 11,Books,Hauts-de-France,0.0995,7535.57,208,201,36.22870192307692,2,749.789215,2277.8300000000004,2135.9899999999993,720.34,2401.4100000000003
M00240,BookCorner 41,Books,Hauts-de-France,0.0534,7093.060000000003,218,213,32.53697247706423,3,378.7694040000002,2052.9500000000003,2529.040000000001,726.44,1784.6300000000003
M00095,LibraryShop 96,Books,Hauts-de-France,0.0817,6203.730000000002,203,201,30.56024630541873,4,506.84474100000017,1779.7999999999997,1602.2099999999998,753.23,2068.4900000000007
M00123,BookHaven 24,Books,Hauts-de-France,0.0515,5867.450000000001,219,205,26.792009132420095,5,302.173675,2207.5699999999997,1502.5299999999997,511.2599999999999,1646.0900000000001
M00298,BookHaven 99,Books,Hauts-de-France,0.0106,4702.729999999997,171,168,27.501345029239747,6,49.84893799999997,1652.82,1223.14,464.06000000000006,1362.7100000000003
M00037,ReadMore 38,Books,Hauts-de-France,0.0281,4476.85,125,122,35.814800000000005,7,125.799485,1290.46,1483.8899999999999,397.25,1305.25
M00327,LibraryShop 28,Books,Hauts-de-France,0.0397,4181.37,141,137,29.655106382978722,8,166.00038899999998,1283.36,1163.9399999999998,313.4199999999999,1420.65
M00169,BookHaven 70,Books,Ile-de-France,0.044,9078.130000000001,252,240,36.024325396825404,1,399.43772,2604.6800000000007,2967.1199999999994,793.4,2712.93
M00040,ReadMore 41,Books,Ile-de-France,0.0244,7514.519999999999,195,186,38.535999999999994,2,183.35428799999997,2223.390000000001,1992.7500000000005,844.1299999999998,2454.249999999999
M00078,BookHaven 79,Books,Ile-de-France,0.094,6227.13,182,180,34.215,3,585.35022,1563.52,2014.73,507.48,2141.3999999999996
M00023,LibraryShop 24,Books,Normandie,0.098,7346.260000000002,220,214,33.39209090909092,1,719.9334800000003,2162.5599999999995,2122.93,1157.7900000000002,1902.98
M00311,BookCorner 12,Books,Normandie,0.0548,6953.880000000002,176,172,39.51068181818183,2,381.07262400000013,1674.8500000000004,2633.32,866.64,1779.0699999999995
M00016,BookCorner 17,Books,Normandie,0.0614,6909.5599999999995,192,190,35.987291666666664,3,424.246984,2161.62,2049.6600000000003,954.9799999999998,1743.3000000000002
M00395,ReadMore 96,Books,Normandie,0.017,5212.32,158,155,32.989367088607594,4,88.60944,1466.7099999999998,1643.8700000000001,422.98999999999995,1678.75
M00092,BookHaven 93,Books,Normandie,0.0131,4741.0599999999995,124,123,38.23435483870967,5,62.10788599999999,1218.2599999999998,1240.7600000000002,624.1,1657.9399999999998
M00241,BookCorner 42,Books,Normandie,0.0977,4161.860000000001,146,143,28.50589041095891,6,406.61372200000005,1495.38,1481.22,446.0800000000001,739.18
M00323,ReadMore 24,Books,Normandie,0.0439,2960.229999999999,105,100,28.192666666666657,7,129.95409699999996,1076.44,1132.48,198.20000000000002,553.1099999999999
M00376,BookHaven 77,Books,Nouvelle-Aquitaine,0.0758,10867.580000000004,291,277,37.345635738831625,1,823.7625640000003,3242.640000000001,3488.96,1236.4000000000003,2899.58
M00218,LibraryShop 19,Books,Nouvelle-Aquitaine,0.0967,9929.749999999993,294,276,33.77465986394555,2,960.2068249999992,2994.17,2566.4599999999996,1338.1700000000003,3030.95
M00278,BookHaven 79,Books,Nouvelle-Aquitaine,0.0891,5937.220000000001,151,150,39.31933774834438,3,529.0063020000001,1503.1800000000003,2470.8699999999994,665.7600000000001,1297.41
M00277,LibraryShop 78,Books,Nouvelle-Aquitaine,0.0998,5620.590000000001,206,198,27.284417475728162,4,560.9348820000001,1366.4700000000005,1860.0099999999998,581.8799999999999,1812.2300000000005
M00032,BookHaven 33,Books,Nouvelle-Aquitaine,0.0601,5134.680000000001,164,163,31.30902439024391,5,308.59426800000006,1738.6699999999998,1718.98,448.16999999999996,1228.86
M00453,BookHaven 54,Books,Nouvelle-Aquitaine,0.056,5079.909999999998,127,125,39.99929133858266,6,284.4749599999999,1613.6,1636.4400000000003,512.68,1317.19
M00355,ReadMore 56,Books,Nouvelle-Aquitaine,0.062,4881.02,147,144,33.20421768707483,7,302.62324,1805.5199999999998,1181.5,342.03000000000003,1551.9699999999996
M00377,ReadMore 78,Books,Nouvelle-Aquitaine,0.0445,4068.220000000001,148,144,27.48797297297298,8,181.03579000000005,1180.08,1205.05,655.5199999999999,1027.57
M00010,LibraryShop 11,Books,Occitanie,0.0838,10298.560000000001,301,288,34.21448504983389,1,863.0193280000001,3056.1400000000012,3363.7099999999996,1327.99,2550.719999999999
M00242,BookHaven 43,Books,Occitanie,0.092,6800.810000000003,245,238,27.75840816326532,2,625.6745200000003,2079.0499999999997,1554.9800000000005,1126.47,2040.3099999999995
M00272,BookHaven 73,Books,Occitanie,0.0144,5023.729999999997,204,196,24.626127450980377,3,72.34171199999996,1800.33,1795.7300000000002,543.21,884.4599999999999
M00300,ReadMore 1,Books,Occitanie,0.085,4806.419999999999,155,153,31.009161290322574,4,408.54569999999995,1679.95,1110.2,500.65000000000003,1515.6199999999997
M00150,BookCorner 51,Books,Occitanie,0.0552,4566.910000000001,130,127,35.13007692307693,5,252.09343200000004,1497.5399999999997,1489.32,437.0,1143.0500000000004
M00362,BookHaven 63,Books,Occitanie,0.0102,4459.49,100,100,44.594899999999996,6,45.486798,1648.3799999999997,1274.0499999999997,517.46,1019.6000000000003
M00449,BookCorner 50,Books,Pays de la Loire,0.032,9010.890000000005,286,278,31.50660839160841,1,288.34848000000017,3169.4900000000007,2829.22,1009.38,2002.8
M00425,BookCorner 26,Books,Pays de la Loire,0.0307,4554.020000000001,185,180,24.61632432432433,2,139.80841400000006,1346.4500000000003,1341.21,323.72999999999996,1542.6299999999997
M00214,LibraryShop 15,Books,Provence-Alpes-Côte d'Azur,0.082,8658.240000000002,249,231,34.77204819277109,1,709.9756800000001,2592.43,2418.4700000000003,1204.2699999999995,2443.07
M00441,BookHaven 42,Books,Provence-Alpes-Côte d'Azur,0.0865,6592.320000000001,194,192,33.98103092783506,2,570.23568,1996.5400000000002,2080.84,644.9200000000001,1870.0200000000004
M00036,BookHaven 37,Books,Provence-Alpes-Côte d'Azur,0.0693,6264.539999999996,201,190,31.166865671641773,3,434.13262199999974,1772.0600000000004,2170.5699999999997,730.43,1591.4800000000002
M00302,LibraryShop 3,Books,Provence-Alpes-Côte d'Azur,0.0866,4323.919999999999,156,153,27.71743589743589,4,374.4514719999999,1324.3400000000004,1281.49,612.1500000000001,1105.9399999999998
M00234,ReadMore 35,Books,Provence-Alpes-Côte d'Azur,0.0341,3484.280000000001,127,126,27.43527559055119,5,118.81394800000004,1194.0600000000002,920.9599999999998,371.33,997.9299999999997
M00179,TrendyWear 80,Clothing,Auvergne-Rhône-Alpes,0.0226,29560.230000000003,163,155,181.35110429447855,1,668.061198,10568.779999999999,7660.6900000000005,2456.9799999999996,8873.780000000002
M00020,ClothingHub 21,Clothing,Auvergne-Rhône-Alpes,0.0672,23858.140000000007,189,185,126.23354497354501,2,1603.2670080000003,7055.469999999999,8159.439999999998,2733.3899999999994,5909.839999999998
M00048,StyleShop 49,Clothing,Bretagne,0.0534,54295.29,317,303,171.27851735015773,1,2899.3684860000003,17530.090000000004,17124.329999999998,7823.2,11817.67
M00335,StyleShop 36,Clothing,Bretagne,0.0787,52016.22999999998,274,263,189.84025547445248,2,4093.677300999999,15600.559999999996,14633.46,5550.519999999998,16231.689999999995
M00353,ClothingHub 54,Clothing,Bretagne,0.0658,44203.43999999999,301,285,146.85528239202654,3,2908.586351999999,13279.279999999995,13921.209999999997,6102.72,10900.230000000003
M00258,FashionStore 59,Clothing,Bretagne,0.0656,30989.009999999984,172,169,180.16866279069757,4,2032.879055999999,10061.579999999996,10689.879999999997,3443.1099999999997,6794.4400000000005
M00257,StyleShop 58,Clothing,Bretagne,0.087,16480.890000000003,133,133,123.91646616541355,5,1433.8374300000003,4809.47,4820.5,2046.81,4804.11
M00146,FashionStore 47,Clothing,Grand Est,0.0231,37433.75000000003,188,182,199.11569148936186,1,864.7196250000006,10851.089999999998,9403.730000000001,5268.449999999999,11910.480000000001
M00433,ClothingHub 34,Clothing,Grand Est,0.0332,35124.78000000001,156,156,225.15884615384624,2,1166.1426960000006,10237.600000000004,10888.5,4538.120000000001,9460.56
M00461,StyleShop 62,Clothing,Grand Est,0.0509,29807.06,186,184,160.25301075268817,3,1517.179354,10082.43,10037.270000000002,3607.75,6079.610000000002
M00147,StyleShop 48,Clothing,Grand Est,0.0662,28319.1,180,177,157.32833333333332,4,1874.7244199999998,8250.309999999998,10421.6,2283.6899999999996,7363.5
M00383,FashionStore 84,Clothing,Grand Est,0.0404,26571.05,187,180,142.09117647058824,5,1073.4704199999999,8623.03,6305.429999999999,4451.709999999999,7190.880000000001
M00472,StyleShop 73,Clothing,Grand Est,0.0339,22191.210000000003,116,115,191.30353448275864,6,752.2820190000001,8164.719999999998,5601.080000000001,3205.54,5219.870000000001
M00088,FashionStore 89,Clothing,Grand Est,0.0111,17570.449999999997,87,86,201.9591954022988,7,195.03199499999997,4591.84,4818.68,2415.4,5744.53
M00341,TrendyWear 42,Clothing,Hauts-de-France,0.0964,40969.67,222,221,184.54806306306307,1,3949.4761879999996,12916.359999999999,13015.410000000002,3315.6800000000007,11722.220000000001
M00260,ClothingHub 61,Clothing,Hauts-de-France,0.0281,32384.520000000004,215,209,150.62567441860466,2,910.0050120000001,7284.759999999999,10643.760000000002,4974.050000000001,9481.95
M00382,ClothingHub 83,Clothing,Ile-de-France,0.052,62943.69999999999,335,321,187.89164179104475,1,3273.072399999999,16503.34,19099.240000000005,7488.7699999999995,19852.349999999988
M00099,FashionStore 100,Clothing,Ile-de-France,0.0175,38342.64000000001,257,250,149.1931517509728,2,670.9962000000002,9588.359999999999,12525.22,5111.01,11118.049999999996
M00471,ClothingHub 72,Clothing,Ile-de-France,0.0863,34103.079999999994,169,167,201.79337278106505,3,2943.0958039999996,9084.510000000002,10316.81,4690.530000000001,10011.23
M00153,StyleShop 54,Clothing,Ile-de-France,0.0733,32733.709999999995,196,194,167.0087244897959,4,2399.3809429999997,10017.229999999998,9083.46,4502.6,9130.420000000004
M00354,StyleShop 55,Clothing,Ile-de-France,0.0938,32125.300000000007,163,157,197.08773006134973,5,3013.3531400000006,8424.03,10708.650000000003,4826.66,8165.960000000002
M00313,FashionStore 14,Clothing,Ile-de-France,0.0617,29624.189999999988,164,157,180.63530487804871,6,1827.8125229999991,8327.449999999997,9221.450000000003,4596.520000000001,7478.7699999999995
M00350,FashionStore 51,Clothing,Ile-de-France,0.0608,26368.139999999992,163,160,161.76773006134965,7,1603.1829119999995,8054.620000000001,8158.240000000002,4474.7,5680.58
M00077,StyleShop 78,Clothing,Ile-de-France,0.0269,16131.879999999997,119,119,135.56201680672265,8,433.9475719999999,4663.7,4689.54,1230.18,5548.460000000001
M00151,TrendyWear 52,Clothing,Normandie,0.0477,53385.11999999997,273,261,195.54989010989001,1,2546.470223999999,18501.539999999997,17845.380000000005,5414.020000000001,11624.18
M00148,TrendyWear 49,Clothing,Normandie,0.0635,42881.020000000026,258,247,166.2055038759691,2,2722.944770000002,13103.27,11944.340000000004,4875.35,12958.059999999996
M00132,TrendyWear 33,Clothing,Normandie,0.0652,36292.64,234,227,155.09675213675214,3,2366.280128,10791.099999999997,9289.369999999997,4848.9,11363.27
M00206,ClothingHub 7,Clothing,Normandie,0.019,31285.219999999994,166,162,188.46518072289152,4,594.4191799999999,7860.549999999999,13842.539999999999,3179.9699999999993,6402.159999999999
M00494,ClothingHub 95,Clothing,Normandie,0.0249,24116.689999999995,149,148,161.8569798657718,5,600.5055809999999,7256.9299999999985,6475.379999999998,4411.750000000001,5972.63
M00019,TrendyWear 20,Clothing,Nouvelle-Aquitaine,0.0803,61815.099999999984,300,289,206.05033333333327,1,4963.752529999999,20380.109999999993,17991.829999999998,9121.499999999998,14321.660000000003
M00450,ClothingHub 51,Clothing,Nouvelle-Aquitaine,0.076,38087.34000000002,203,197,187.6223645320198,2,2894.6378400000012,11033.28,9279.220000000001,4972.28,12802.560000000001
M00497,ClothingHub 98,Clothing,Nouvelle-Aquitaine,0.0842,32242.84,192,185,167.93145833333332,3,2714.847128,9716.020000000002,9370.529999999997,4020.89,9135.399999999998
M00309,FashionStore 10,Clothing,Nouvelle-Aquitaine,0.0767,24606.209999999995,229,222,107.45069868995631,4,1887.2963069999998,7099.35,8219.21,3057.8299999999995,6229.82
M00249,FashionStore 50,Clothing,Nouvelle-Aquitaine,0.0669,20216.719999999998,141,136,143.3809929078014,5,1352.4985679999998,6054.61,6469.21,1906.4900000000002,5786.41
M00443,StyleShop 44,Clothing,Occitanie,0.012,59459.76,333,321,178.55783783783784,1,713.5171200000001,18241.969999999998,18527.35,7218.54,15471.9
M00100,StyleShop 1,Clothing,Occitanie,0.0367,52498.70999999996,275,265,190.90439999999987,2,1926.702656999999,12941.079999999996,19487.219999999998,6338.65,13731.759999999998
M00444,StyleShop 45,Clothing,Occitanie,0.0206,49204.89000000001,247,239,199.21008097165995,3,1013.6207340000002,13445.889999999996,16152.400000000003,6761.149999999999,12845.45
M00282,TrendyWear 83,Clothing,Occitanie,0.0238,49078.97,217,203,226.17036866359447,4,1168.079486,14827.48,11705.040000000005,6720.600000000002,15825.849999999993
M00285,TrendyWear 86,Clothing,Occitanie,0.0939,42758.950000000004,236,229,181.18199152542374,5,4015.0654050000003,11171.859999999999,12124.219999999998,6293.339999999999,13169.529999999999
M00170,ClothingHub 71,Clothing,Occitanie,0.0535,28544.210000000006,133,132,214.61812030075194,6,1527.1152350000002,8414.56,10900.77,3630.81,5598.070000000001
M00090,FashionStore 91,Clothing,Pays de la Loire,0.0895,43567.03,241,232,180.7760580912863,1,3899.2491849999997,13001.490000000002,14810.85,4283.800000000001,11470.89
M00052,TrendyWear 53,Clothing,Pays de la Loire,0.0491,43363.38000000002,205,201,211.52868292682936,2,2129.141958000001,12275.779999999997,11165.890000000005,5900.580000000001,14021.13
M00368,TrendyWear 69,Clothing,Pays de la Loire,0.0696,43345.130000000005,209,206,207.39296650717705,3,3016.8210480000002,13501.36,13923.210000000001,4473.34,11447.22
M00264,StyleShop 65,Clothing,Pays de la Loire,0.0902,32984.04000000001,240,228,137.43350000000004,4,2975.1604080000006,11503.300000000007,8568.01,6184.76,6727.970000000001
M00500,TrendyWear 1,Clothing,Pays de la Loire,0.0422,30437.669999999995,189,185,161.04587301587298,5,1284.4696739999997,9135.880000000003,9861.799999999997,3699.459999999999,7740.530000000002
M00220,FashionStore 21,Clothing,Pays de la Loire,0.0776,23434.999999999996,126,123,185.99206349206347,6,1818.5559999999998,6549.089999999999,6911.34,4559.199999999999,5415.370000000002
M00255,StyleShop 56,Clothing,Pays de la Loire,0.0596,22692.859999999993,193,187,117.57958549222795,7,1352.4944559999997,5718.820000000001,6822.3099999999995,3409.7700000000004,6741.96
M00211,ClothingHub 12,Clothing,Pays de la Loire,0.0714,18430.860000000004,148,144,124.53283783783786,8,1315.9634040000003,5871.79,5609.15,3004.15,3945.770000000001
M00196,TrendyWear 97,Clothing,Provence-Alpes-Côte d'Azur,0.0515,42038.31,223,216,188.512600896861,1,2164.972965,15196.780000000004,12544.11,3654.0499999999993,10643.369999999999
M00274,TrendyWear 75,Clothing,Provence-Alpes-Côte d'Azur,0.0162,13029.550000000001,68,66,191.61102941176472,2,211.07871,4578.1900000000005,2325.61,2457.46,3668.289999999999
M00144,TechStore 45,Electronics,Auvergne-Rhône-Alpes,0.0589,291610.51999999984,277,267,1052.7455595667864,1,17175.85962799999,78132.47,96075.56999999996,28386.84,89015.64000000003
M00201,TechStore 2,Electronics,Auvergne-Rhône-Alpes,0.0506,210728.68000000005,155,148,1359.5398709677422,2,10662.871208000002,63550.17999999999,59315.180000000015,24021.37,63841.950000000004
M00366,GadgetShop 67,Electronics,Auvergne-Rhône-Alpes,0.0587,160356.99000000002,110,109,1457.7908181818184,3,9412.955313000002,32693.319999999996,59081.400000000016,23306.530000000002,45275.73999999999
M00306,GadgetShop 7,Electronics,Auvergne-Rhône-Alpes,0.0576,145802.41,109,107,1337.6367889908256,4,8398.218816,42505.99,48191.0,18455.469999999998,36649.95
M00121,DigitalHub 22,Electronics,Auvergne-Rhône-Alpes,0.067,107300.08999999998,107,104,1002.8045794392522,5,7189.106029999999,23893.61,40458.69999999999,8067.6900000000005,34880.09
M00141,TechStore 42,Electronics,Bretagne,0.0678,338215.9600000002,221,218,1530.388959276019,1,22931.042088000013,93054.45999999999,116602.33000000002,41423.87999999999,87135.29000000001
M00284,TechStore 85,Electronics,Bretagne,0.0813,334984.2899999998,272,259,1231.5598897058817,2,27234.222776999984,93132.26999999999,112342.92000000004,37172.39,92336.70999999999
M00456,TechStore 57,Electronics,Bretagne,0.0682,286602.6199999998,226,223,1268.1531858407072,3,19546.298683999987,79307.12999999999,87491.83,35488.12,84315.54000000004
M00115,DigitalHub 16,Electronics,Grand Est,0.0975,384945.05999999994,245,229,1571.204326530612,1,37532.14335,91855.58,135853.22,32908.83,124327.43000000008
M00460,GadgetShop 61,Electronics,Grand Est,0.032,219720.35000000006,191,184,1150.3683246073301,2,7031.051200000003,66639.06000000001,70657.35999999999,14678.51,67745.41999999998
M00244,TechStore 45,Electronics,Grand Est,0.0659,196333.21999999994,160,155,1227.0826249999996,3,12938.359197999996,62876.48999999998,59624.84000000001,27298.43,46533.46
M00463,ElectroWorld 64,Electronics,Grand Est,0.0653,167382.58000000002,124,124,1349.8595161290325,4,10930.082474,41022.62,48552.950000000004,22663.68,55143.329999999994
M00102,GadgetShop 3,Electronics,Grand Est,0.0685,139541.84,122,120,1143.7855737704917,5,9558.61604,41167.200000000004,35308.55999999999,18208.05,44858.03
M00294,TechStore 95,Electronics,Grand Est,0.0773,117938.24999999999,135,132,873.6166666666666,6,9116.626724999998,37668.670000000006,40897.56999999999,12222.02,27149.99
M00386,TechStore 87,Electronics,Hauts-de-France,0.0565,295082.17,211,206,1398.4936966824644,1,16672.142605,93993.84,85868.65999999999,25440.809999999998,89778.86
M00012,GadgetShop 13,Electronics,Hauts-de-France,0.0522,251697.5499999999,198,189,1271.199747474747,2,13138.612109999996,89379.28999999998,70035.16,20253.739999999998,72029.36
M00459,ElectroWorld 60,Electronics,Hauts-de-France,0.0213,244966.82999999987,203,196,1206.733152709359,3,5217.793478999997,90864.61,75120.96000000002,10675.180000000002,68306.08
M00069,GadgetShop 70,Electronics,Hauts-de-France,0.0754,238038.35999999996,190,188,1252.8334736842103,4,17948.092343999997,70735.92999999998,75380.85999999999,25458.39,66463.18
M00245,DigitalHub 46,Electronics,Hauts-de-France,0.0522,189964.82999999993,193,188,984.2737305699478,5,9916.164125999996,54023.469999999994,59479.29,23837.420000000002,52624.650000000016
M00250,TechStore 51,Electronics,Hauts-de-France,0.0668,162844.48999999996,122,119,1334.790901639344,6,10878.011931999998,57213.85,43287.88000000001,13935.7,48407.06000000001
M00397,ElectroWorld 98,Electronics,Hauts-de-France,0.024,59897.37999999999,58,58,1032.713448275862,7,1437.5371199999997,20072.329999999998,10061.689999999999,4790.7300000000005,24972.629999999997
M00273,DigitalHub 74,Electronics,Ile-de-France,0.0919,355543.20000000007,263,257,1351.8752851711029,1,32674.420080000004,92911.46999999999,115180.48000000005,35996.88,111454.36999999998
M00094,GadgetShop 95,Electronics,Ile-de-France,0.024,285622.54,285,269,1002.1843508771929,2,6854.94096,95087.11000000006,85116.24,29091.69,76327.50000000001
M00426,ElectroWorld 27,Electronics,Ile-de-France,0.0968,249907.7099999999,252,242,991.6972619047615,3,24191.06632799999,53817.61,80304.70999999999,27926.61,87858.78
M00458,DigitalHub 59,Electronics,Ile-de-France,0.0692,234306.0,193,185,1214.020725388601,4,16213.975199999999,88524.52999999998,86459.59999999998,13630.460000000001,45691.40999999998
M00073,DigitalHub 74,Electronics,Ile-de-France,0.0114,163103.99999999994,158,154,1032.303797468354,5,1859.3855999999994,53374.28000000001,55657.399999999994,15790.839999999998,38281.48
M00384,TechStore 85,Electronics,Ile-de-France,0.0984,148721.88999999998,126,123,1180.3324603174601,6,14634.233976,41513.85,50704.41000000002,19490.5,37013.130000000005
M00133,TechStore 34,Electronics,Ile-de-France,0.0896,125069.78000000003,128,128,977.1076562500002,7,11206.252288000001,35480.68,44904.01,10219.28,34465.810000000005
M00084,DigitalHub 85,Electronics,Ile-de-France,0.0998,109939.45000000001,89,89,1235.2747191011238,8,10971.957110000001,32343.990000000005,31195.11,13810.05,32590.3
M00349,GadgetShop 50,Electronics,Normandie,0.0653,306528.5099999999,279,269,1098.6684946236555,1,20016.311702999992,92116.45999999998,92508.95000000001,36580.25,85322.84999999999
M00027,TechStore 28,Electronics,Normandie,0.0457,291182.3100000001,229,220,1271.538471615721,2,13307.031567000004,86678.44999999998,99231.89,26208.999999999996,79062.97
M00465,TechStore 66,Electronics,Normandie,0.0258,287934.5900000002,282,276,1021.0446453900717,3,7428.712422000005,83084.75,98644.31000000001,41986.22999999999,64219.3
M00140,GadgetShop 41,Electronics,Normandie,0.0226,263287.57999999996,260,252,1012.6445384615383,4,5950.299307999999,77677.63999999998,81948.25,31141.619999999995,72520.07
M00208,GadgetShop 9,Electronics,Normandie,0.0615,218795.08999999997,198,195,1105.0257070707069,5,13455.898034999998,70226.40999999999,73254.48000000001,21608.06,53706.139999999985
M00340,TechStore 41,Electronics,Normandie,0.0131,208027.58000000013,205,197,1014.7686829268299,6,2725.161298000002,52185.109999999986,67454.76000000001,26583.5,61804.210000000014
M00268,GadgetShop 69,Electronics,Normandie,0.0631,203676.83,194,192,1049.8805670103093,7,12852.007973,65472.849999999984,64471.020000000004,20819.199999999997,52913.76000000001
M00314,TechStore 15,Electronics,Normandie,0.0131,182196.08,137,133,1329.8983941605838,8,2386.7686479999998,44827.670000000006,60040.640000000014,20471.54,56856.229999999996
M00228,GadgetShop 29,Electronics,Normandie,0.0584,71846.52999999998,85,85,845.2532941176469,9,4195.837352,18938.789999999997,23904.559999999998,5008.99,23994.189999999995
M00411,ElectroWorld 12,Electronics,Nouvelle-Aquitaine,0.0993,261792.13000000003,198,194,1322.182474747475,1,25995.958509000004,71100.10999999999,71313.64000000003,45898.83,73479.54999999999
M00346,GadgetShop 47,Electronics,Nouvelle-Aquitaine,0.0856,246860.60999999996,178,174,1386.8573595505616,2,21131.268215999997,69798.65,87696.39,26709.87,62655.7
M00031,DigitalHub 32,Electronics,Nouvelle-Aquitaine,0.0373,244706.25000000003,225,214,1087.5833333333335,3,9127.543125,56566.47000000001,83050.75000000001,33184.64,71904.39
M00301,ElectroWorld 2,Electronics,Nouvelle-Aquitaine,0.0591,200951.28000000006,181,172,1110.2280662983428,4,11876.220648000004,60683.19999999999,58190.47000000001,21489.639999999996,60587.969999999994
M00001,DigitalHub 2,Electronics,Nouvelle-Aquitaine,0.0143,184515.05,139,133,1327.4464028776977,5,2638.565215,54783.390000000014,44427.68000000001,33729.240000000005,51574.740000000005
M00097,TechStore 98,Electronics,Nouvelle-Aquitaine,0.0307,162173.87999999995,118,118,1374.3549152542369,6,4978.738115999999,44981.130000000005,60202.340000000004,6849.289999999999,50141.12000000001
M00363,TechStore 64,Electronics,Nouvelle-Aquitaine,0.0164,154183.70999999996,152,147,1014.3665131578945,7,2528.6128439999998,54740.189999999995,51739.11,11991.89,35712.520000000004
M00058,TechStore 59,Electronics,Nouvelle-Aquitaine,0.0258,127622.35999999999,98,98,1302.2689795918366,8,3292.6568879999995,30253.180000000004,45503.210000000014,16673.68,35192.29
M00393,TechStore 94,Electronics,Nouvelle-Aquitaine,0.0281,110183.84,140,135,787.0274285714286,9,3096.165904,21690.300000000003,48990.48,15719.41,23783.650000000005
M00265,GadgetShop 66,Electronics,Nouvelle-Aquitaine,0.0349,45743.970000000016,84,81,544.5710714285716,10,1596.4645530000005,16428.74,13605.05,3455.8799999999997,12254.300000000001
M00159,DigitalHub 60,Electronics,Occitanie,0.0304,257979.59999999995,229,220,1126.5484716157202,1,7842.5798399999985,84858.43000000004,65898.65999999999,33500.54,73721.96999999997
M00418,GadgetShop 19,Electronics,Occitanie,0.0378,229983.15,170,164,1352.8420588235294,2,8693.36307,55491.05000000001,69634.09999999999,27148.389999999996,77709.61
M00105,TechStore 6,Electronics,Occitanie,0.0305,225935.54000000004,225,218,1004.1579555555558,3,6891.033970000001,63445.11999999999,88422.36000000006,17738.97,56329.09
M00192,ElectroWorld 93,Electronics,Occitanie,0.0603,219451.35999999996,153,151,1434.3226143790846,4,13232.917007999997,66137.68000000001,74148.18,28277.579999999998,50887.92
M00154,DigitalHub 55,Electronics,Occitanie,0.0834,147721.37999999998,145,137,1018.7681379310343,5,12319.963091999998,29727.100000000002,54527.47,17848.19,45618.62
M00185,TechStore 86,Electronics,Pays de la Loire,0.0286,297834.1600000001,231,226,1289.3253679653683,1,8518.056976000003,79378.73000000003,116923.13999999997,32119.589999999993,69412.70000000001
M00217,GadgetShop 18,Electronics,Pays de la Loire,0.0364,153074.66999999998,86,85,1779.9380232558137,2,5571.917987999999,35897.63,58707.200000000004,21576.109999999997,36893.729999999996
M00076,DigitalHub 77,Electronics,Pays de la Loire,0.0846,131894.43000000005,146,138,903.3865068493154,3,11158.268778000003,45901.539999999986,28715.400000000005,18769.579999999998,38507.91
M00112,DigitalHub 13,Electronics,Pays de la Loire,0.0766,110889.51999999999,120,115,924.0793333333332,4,8494.137232,28707.769999999993,42575.94,13660.660000000002,25945.15
M00071,DigitalHub 72,Electronics,Pays de la Loire,0.0445,86788.56999999999,67,67,1295.351791044776,5,3862.0913649999993,19634.33,28950.62,9332.000000000002,28871.620000000003
M00116,GadgetShop 17,Electronics,Provence-Alpes-Côte d'Azur,0.0706,291935.01000000007,250,242,1167.7400400000004,1,20610.611706000003,71384.19000000002,94507.09,25303.110000000004,100740.62
M00011,ElectroWorld 12,Electronics,Provence-Alpes-Côte d'Azur,0.0493,234776.52999999994,191,185,1229.1964921465965,2,11574.482928999996,65819.7,68775.68999999996,38254.05999999999,61927.08
M00408,TechStore 9,Electronics,Provence-Alpes-Côte d'Azur,0.0283,221886.87000000005,180,174,1232.7048333333337,3,6279.398421000002,63269.02999999998,74912.98999999998,28845.560000000005,54859.29
M00113,DigitalHub 14,Electronics,Provence-Alpes-Côte d'Azur,0.0185,184113.93999999994,162,158,1136.5058024691355,4,3406.107889999999,49613.82999999999,51458.520000000004,34303.08,48738.509999999995
M00451,GourmetShop 52,Food,Auvergne-Rhône-Alpes,0.0448,22814.480000000003,406,385,56.193300492610845,1,1022.0887040000001,6985.680000000001,7761.400000000002,1965.78,6101.620000000003
M00233,GourmetShop 34,Food,Auvergne-Rhône-Alpes,0.0749,18532.299999999992,285,272,65.02561403508768,2,1388.0692699999993,4938.639999999999,6198.4,2394.5800000000004,5000.680000000001
M00446,GourmetShop 47,Food,Auvergne-Rhône-Alpes,0.0296,10671.53,166,163,64.28632530120483,3,315.877288,3339.2199999999993,3407.689999999999,1204.1799999999998,2720.440000000001
M00318,GourmetShop 19,Food,Auvergne-Rhône-Alpes,0.0296,10287.279999999999,245,237,41.98889795918367,4,304.503488,3518.680000000001,3091.8099999999995,1270.7700000000002,2406.0200000000004
M00419,FreshMarket 20,Food,Auvergne-Rhône-Alpes,0.0861,9633.249999999998,172,164,56.007267441860456,5,829.4228249999998,3252.21,3254.0700000000006,806.5500000000001,2320.4200000000005
M00106,FreshMarket 7,Food,Auvergne-Rhône-Alpes,0.0823,8020.329999999996,140,135,57.2880714285714,6,660.0731589999997,2153.0,2155.96,909.7400000000001,2801.6299999999997
M00308,FreshMarket 9,Food,Bretagne,0.0703,18152.390000000003,331,309,54.8410574018127,1,1276.1130170000001,5358.049999999999,5263.719999999999,2975.5700000000006,4555.049999999999
M00172,GourmetShop 73,Food,Bretagne,0.0544,16029.639999999996,218,214,73.53045871559631,2,872.0124159999997,5039.849999999998,4912.890000000001,1914.8000000000002,4162.1
M00060,FoodMart 61,Food,Bretagne,0.0573,15227.350000000002,234,223,65.07414529914531,3,872.5271550000001,4809.02,4995.799999999998,1949.42,3473.1099999999997
M00385,FoodMart 86,Food,Bretagne,0.0847,7811.19,141,140,55.39851063829787,4,661.6077929999999,2648.61,2084.1199999999994,1050.9,2027.5599999999997
M00416,FreshMarket 17,Food,Hauts-de-France,0.0449,14582.99,310,297,47.04190322580645,1,654.776251,4498.380000000001,5221.17,1294.9599999999998,3568.4800000000005
M00136,FoodHub 37,Food,Hauts-de-France,0.0412,10432.950000000004,187,183,55.79117647058826,2,429.83754000000016,3617.97,3073.5099999999984,1083.78,2657.6900000000005
M00042,FreshMarket 43,Food,Hauts-de-France,0.0216,9900.980000000001,170,163,58.24105882352942,3,213.86116800000005,2903.9700000000003,2872.82,1321.1599999999996,2803.03
M00075,FreshMarket 76,Food,Hauts-de-France,0.0514,4917.749999999998,181,175,27.16988950276242,4,252.7723499999999,1211.3999999999999,2192.66,474.21000000000004,1039.48
M00107,GourmetShop 8,Food,Ile-de-France,0.04,15624.780000000002,266,255,58.73977443609024,1,624.9912000000002,4687.180000000001,4860.34,1622.5,4454.760000000002
M00271,FreshMarket 72,Food,Ile-de-France,0.0851,10993.239999999998,169,165,65.04875739644969,2,935.5247239999998,3032.0600000000004,3217.8699999999994,1427.7000000000003,3315.609999999999
M00070,FreshMarket 71,Food,Ile-de-France,0.0679,7983.080000000002,122,121,65.43508196721312,3,542.0511320000002,2433.6899999999996,2289.5099999999998,1105.3200000000002,2154.5600000000004
M00210,FreshMarket 11,Food,Normandie,0.039,15696.669999999993,249,237,63.038835341365434,1,612.1701299999997,4770.199999999999,5212.270000000001,2224.8699999999994,3489.33
M00081,FoodMart 82,Food,Normandie,0.0481,13833.359999999995,226,215,61.20955752212387,2,665.3846159999997,4196.9800000000005,4469.369999999999,1741.21,3425.8
M00030,FoodHub 31,Food,Normandie,0.041,12612.38999999999,200,189,63.06194999999995,3,517.1079899999996,4612.619999999999,4526.5599999999995,854.1,2619.11
M00394,FoodMart 95,Food,Normandie,0.071,12584.579999999998,196,192,64.20704081632653,4,893.5051799999998,3774.3400000000006,4375.849999999999,1577.81,2856.5800000000004
M00227,FoodHub 28,Food,Normandie,0.0922,9078.79,161,158,56.39000000000001,5,837.0644380000001,2103.2599999999998,3431.24,1010.73,2533.5599999999995
M00057,FoodHub 58,Food,Normandie,0.049,8913.790000000003,142,139,62.77316901408452,6,436.7757100000002,2397.0400000000004,2151.2999999999997,1197.1399999999999,3168.31
M00002,FoodMart 3,Food,Normandie,0.0913,8312.22,197,191,42.194010152284264,7,758.905686,2067.8999999999996,3607.41,781.1999999999998,1855.71
M00381,GourmetShop 82,Food,Normandie,0.0227,6643.570000000001,150,147,44.290466666666674,8,150.809039,2088.9300000000003,1930.1599999999999,575.0099999999999,2049.47
M00485,FreshMarket 86,Food,Nouvelle-Aquitaine,0.0914,24598.8,377,352,65.24880636604775,1,2248.33032,7551.549999999998,7853.999999999997,2805.170000000001,6388.080000000003
M00454,GourmetShop 55,Food,Nouvelle-Aquitaine,0.0158,12776.009999999998,226,221,56.53101769911504,2,201.86095799999998,4350.029999999999,2951.54,1400.5400000000002,4073.9
M00226,GourmetShop 27,Food,Nouvelle-Aquitaine,0.0778,10782.149999999998,173,168,62.324566473988426,3,838.8512699999998,2711.5799999999986,3140.7400000000007,1283.03,3646.7999999999997
M00221,FoodMart 22,Food,Occitanie,0.0605,19507.040000000005,297,281,65.68026936026938,1,1180.1759200000001,7140.94,5127.960000000001,2594.11,4644.029999999998
M00428,FoodMart 29,Food,Occitanie,0.063,18578.939999999995,308,292,60.32123376623375,2,1170.4732199999996,5738.379999999999,5459.730000000002,2711.82,4669.010000000001
M00467,GourmetShop 68,Food,Occitanie,0.0557,17458.88,259,246,67.4088030888031,3,972.4596160000001,6066.069999999999,4803.370000000002,1825.7099999999998,4763.730000000001
M00167,FoodHub 68,Food,Occitanie,0.0268,12003.95,228,219,52.64890350877193,4,321.70586000000003,3243.3199999999993,3300.7700000000004,1455.3100000000002,4004.550000000001
M00062,GourmetShop 63,Food,Occitanie,0.0818,9978.699999999997,190,187,52.51947368421051,5,816.2576599999998,2535.7,3058.4399999999996,1416.58,2967.98
M00316,FreshMarket 17,Food,Occitanie,0.0147,9963.08,161,157,61.88248447204969,6,146.457276,2330.2599999999998,3753.6600000000003,1320.38,2558.7799999999997
M00455,FoodHub 56,Food,Occitanie,0.0488,9419.11,127,125,74.16622047244095,7,459.65256800000003,2741.9700000000007,2323.02,1405.9499999999998,2948.17
M00243,FreshMarket 44,Food,Occitanie,0.0228,5223.110000000001,113,112,46.22221238938054,8,119.08690800000002,1484.77,2001.5999999999997,586.5,1150.24
M00332,FoodMart 33,Food,Pays de la Loire,0.0317,13591.88,227,215,59.876123348017614,1,430.86259599999994,3137.580000000001,3537.970000000001,2320.71,4595.620000000001
M00398,FoodHub 99,Food,Pays de la Loire,0.0898,13549.34,194,186,69.8419587628866,2,1216.730732,4690.390000000001,4666.829999999997,1067.0200000000002,3125.0999999999995
M00215,FreshMarket 16,Food,Pays de la Loire,0.0838,12472.92,191,181,65.30324607329842,3,1045.230696,3638.11,3851.0100000000007,1038.9899999999998,3944.809999999999
M00442,GourmetShop 43,Food,Pays de la Loire,0.0392,8388.149999999996,151,151,55.5506622516556,4,328.8154799999998,2911.729999999999,2337.24,1355.69,1783.4899999999998
M00059,FreshMarket 60,Food,Provence-Alpes-Côte d'Azur,0.0894,18348.880000000005,249,240,73.69028112449801,1,1640.3898720000002,4944.73,6085.450000000001,2432.37,4886.330000000001
M00064,FreshMarket 65,Food,Provence-Alpes-Côte d'Azur,0.0338,8252.449999999999,132,131,62.518560606060596,2,278.93280999999996,2276.0000000000005,2840.22,864.6300000000001,2271.6
M00315,FoodMart 16,Food,Provence-Alpes-Côte d'Azur,0.0202,6755.349999999998,98,95,68.93214285714284,3,136.45806999999994,1998.8999999999994,1875.3900000000003,277.91999999999996,2603.1399999999994
M00487,HealthShop 88,Health,Auvergne-Rhône-Alpes,0.0806,30690.479999999992,276,265,111.1973913043478,1,2473.6526879999997,9792.420000000002,8681.359999999997,3361.74,8854.96
M00489,HealthHub 90,Health,Auvergne-Rhône-Alpes,0.0178,29827.61,209,203,142.71583732057417,2,530.931458,11623.620000000003,9293.089999999998,3310.3900000000003,5600.510000000002
M00200,HealthHub 1,Health,Bretagne,0.0186,38033.490000000005,300,279,126.77830000000002,1,707.422914,8679.62,11253.120000000003,3890.0200000000004,14210.73
M00061,HealthHub 62,Health,Bretagne,0.0838,26210.290000000008,216,200,121.34393518518522,2,2196.422302000001,7696.34,9691.919999999998,1700.63,7121.399999999999
M00168,VitalShop 69,Health,Bretagne,0.0866,24788.019999999997,237,232,104.5908016877637,3,2146.642532,7923.099999999999,7294.400000000001,2639.1700000000005,6931.35
M00334,WellnessStore 35,Health,Bretagne,0.0832,23185.559999999998,157,149,147.67872611464966,4,1929.0385919999997,7963.980000000003,5998.59,2358.0900000000006,6864.899999999999
M00326,HealthHub 27,Health,Bretagne,0.0269,23132.399999999998,207,197,111.75072463768115,5,622.2615599999999,6099.64,6097.810000000002,3296.140000000001,7638.8099999999995
M00142,WellnessStore 43,Health,Bretagne,0.0225,22577.609999999997,232,224,97.31728448275861,6,507.9962249999999,7222.140000000005,6644.6500000000015,3221.7300000000005,5489.090000000001
M00281,VitalShop 82,Health,Bretagne,0.0489,13622.89,178,172,76.53308988764044,7,666.159321,3992.610000000001,3795.14,1166.86,4668.279999999999
M00018,HealthShop 19,Health,Grand Est,0.0918,47915.099999999984,359,335,133.46824512534815,1,4398.606179999999,12103.300000000001,13187.639999999996,7123.76,15500.400000000001
M00476,HealthHub 77,Health,Grand Est,0.043,25356.190000000006,224,217,113.19727678571431,2,1090.31617,7809.17,7107.370000000001,2075.9000000000005,8363.75
M00108,WellnessStore 9,Health,Grand Est,0.0529,22182.18000000001,204,201,108.73617647058829,3,1173.4373220000007,5619.68,6608.020000000001,2236.8599999999997,7717.620000000003
M00402,HealthHub 3,Health,Grand Est,0.0228,17931.210000000003,130,126,137.93238461538465,4,408.83158800000007,5387.169999999999,5202.92,2941.5699999999997,4399.55
M00396,VitalShop 97,Health,Hauts-de-France,0.0976,35114.92999999999,311,294,112.9097427652733,1,3427.2171679999997,12172.519999999997,11432.950000000003,3313.349999999999,8196.109999999999
M00310,VitalShop 11,Health,Hauts-de-France,0.0986,31847.089999999993,269,260,118.39066914498139,2,3140.123073999999,9919.539999999999,8736.839999999998,4277.040000000001,8913.67
M00490,HealthHub 91,Health,Hauts-de-France,0.0288,26414.059999999998,215,208,122.85609302325581,3,760.7249279999999,8204.26,8762.580000000004,1664.65,7782.57
M00333,HealthShop 34,Health,Hauts-de-France,0.0992,16031.54,130,124,123.31953846153847,4,1590.328768,4431.68,4816.53,2605.55,4177.78
M00424,HealthShop 25,Health,Ile-de-France,0.0572,36514.91999999999,294,283,124.20040816326528,1,2088.6534239999996,12168.59,10443.380000000001,3579.76,10323.189999999995
M00299,WellnessStore 100,Health,Ile-de-France,0.022,24436.019999999997,172,163,142.06988372093022,2,537.5924399999999,7286.46,6933.7300000000005,2358.7500000000005,7857.080000000001
M00329,WellnessStore 30,Health,Ile-de-France,0.0186,23454.879999999994,233,225,100.6647210300429,3,436.26076799999987,7334.16,5466.220000000002,2818.290000000001,7836.21
M00427,VitalShop 28,Health,Ile-de-France,0.0916,18523.159999999996,167,159,110.91712574850297,4,1696.7214559999998,4723.709999999999,5330.829999999998,1783.24,6685.379999999998
M00290,VitalShop 91,Health,Ile-de-France,0.076,15524.219999999998,175,170,88.70982857142856,5,1179.8407199999997,4877.66,4270.18,1321.3899999999999,5054.989999999999
M00369,HealthShop 70,Health,Normandie,0.0732,31883.050000000003,266,258,119.86109022556393,1,2333.83926,10395.660000000002,9292.730000000007,3980.949999999999,8213.710000000003
M00330,WellnessStore 31,Health,Normandie,0.0611,31845.55000000001,220,212,144.75250000000005,2,1945.7631050000007,9639.550000000001,8971.739999999998,3683.99,9550.269999999997
M00371,VitalShop 72,Health,Normandie,0.0197,26202.800000000003,246,240,106.51544715447156,3,516.19516,7159.809999999999,8746.639999999998,2763.71,7532.64
M00380,HealthShop 81,Health,Normandie,0.0978,22680.44000000001,195,188,116.30994871794877,4,2218.1470320000008,6756.950000000002,5667.849999999999,2258.2400000000002,7997.399999999995
M00392,WellnessStore 93,Health,Normandie,0.0605,21149.34,198,192,106.81484848484848,5,1279.53507,6911.67,6674.570000000001,1922.0700000000002,5641.030000000001
M00067,WellnessStore 68,Health,Normandie,0.0296,20097.600000000002,174,169,115.50344827586208,6,594.8889600000001,6426.189999999997,5676.340000000001,2395.7599999999998,5599.31
M00120,HealthHub 21,Health,Normandie,0.0177,15945.980000000001,119,116,133.99983193277313,7,282.243846,3609.8799999999997,5149.129999999999,2391.44,4795.53
M00173,VitalShop 74,Health,Nouvelle-Aquitaine,0.013,37437.779999999984,254,248,147.39283464566924,1,486.6911399999998,10308.540000000003,10316.520000000002,5187.01,11625.709999999995
M00029,HealthHub 30,Health,Nouvelle-Aquitaine,0.0329,22593.319999999992,274,266,82.45737226277369,2,743.3202279999997,6695.420000000001,6285.010000000001,3514.2300000000005,6098.66
M00440,VitalShop 41,Health,Nouvelle-Aquitaine,0.0278,16387.62,111,111,147.6362162162162,3,455.5758359999999,5898.369999999999,4276.600000000001,1770.9700000000003,4441.679999999999
M00276,WellnessStore 77,Health,Nouvelle-Aquitaine,0.0144,15441.220000000001,191,188,80.84408376963351,4,222.35356800000002,4734.58,4570.779999999999,2037.7400000000002,4098.12
M00166,WellnessStore 67,Health,Nouvelle-Aquitaine,0.0818,10364.259999999998,98,96,105.7577551020408,5,847.7964679999999,3174.16,4256.669999999999,1015.89,1917.5399999999997
M00122,VitalShop 23,Health,Occitanie,0.0871,40597.810000000005,324,310,125.30188271604939,1,3536.0692510000003,14319.840000000004,12064.120000000003,3583.6000000000004,10630.250000000002
M00044,VitalShop 45,Health,Occitanie,0.0748,32894.669999999984,280,269,117.48096428571422,2,2460.521315999999,9697.11,9161.86,2925.83,11109.870000000003
M00312,HealthShop 13,Health,Occitanie,0.0472,23064.25999999999,187,180,123.33828877005342,3,1088.6330719999996,7654.019999999998,7756.710000000002,1715.0699999999997,5938.459999999999
M00387,HealthShop 88,Health,Pays de la Loire,0.0406,47017.52000000001,345,333,136.2826666666667,1,1908.9113120000004,13023.38,13192.629999999997,6461.749999999999,14339.760000000004
M00292,HealthHub 93,Health,Pays de la Loire,0.0385,29544.13,227,223,130.1503524229075,2,1137.449005,8627.029999999999,9269.85,3877.7899999999995,7769.459999999999
M00109,WellnessStore 10,Health,Pays de la Loire,0.0564,22837.520000000004,206,200,110.86174757281556,3,1288.0361280000002,5805.22,7046.349999999999,1947.1600000000003,8038.790000000001
M00403,HealthHub 4,Health,Provence-Alpes-Côte d'Azur,0.0751,33793.40999999997,299,288,113.02143812709019,1,2537.8850909999974,10942.689999999999,10112.289999999999,2766.9500000000003,9971.48
M00293,HealthHub 94,Health,Provence-Alpes-Côte d'Azur,0.0595,33276.26999999998,255,248,130.49517647058818,2,1979.938064999999,10183.010000000002,10230.64,2920.9499999999994,9941.669999999995
M00025,WellnessStore 26,Health,Provence-Alpes-Côte d'Azur,0.0981,33019.79000000001,266,255,124.13454887218049,3,3239.241399000001,10454.149999999998,9812.940000000002,3243.6100000000006,9509.09
M00400,WellnessStore 1,Health,Provence-Alpes-Côte d'Azur,0.0438,32597.28000000001,316,302,103.15594936708864,4,1427.7608640000003,9620.040000000003,10670.140000000003,3747.620000000001,8559.480000000003
M00379,HealthHub 80,Health,Provence-Alpes-Côte d'Azur,0.077,22585.800000000014,174,169,129.80344827586214,5,1739.106600000001,6584.560000000001,7522.36,2143.79,6335.089999999998
M00254,HomeStyle 55,Home & Garden,Bretagne,0.0425,179684.53000000003,317,305,566.8281703470033,1,7636.592525000002,48232.44,61364.19000000001,18695.44,51392.46
M00434,HomeCenter 35,Home & Garden,Bretagne,0.0319,171684.06000000006,282,271,608.8087234042555,2,5476.721514000002,47308.34999999999,57613.46999999997,21847.119999999995,44915.11999999998
M00219,HomeCenter 20,Home & Garden,Bretagne,0.0658,145838.65999999995,245,236,595.2598367346936,3,9596.183827999996,30564.690000000002,60609.16000000001,17452.559999999998,37212.25000000001
M00252,GardenWorld 53,Home & Garden,Bretagne,0.0945,141395.00999999995,225,221,628.4222666666665,4,13361.828444999996,49866.779999999984,40845.24999999999,11297.62,39385.36
M00474,DecorShop 75,Home & Garden,Bretagne,0.0324,131047.52999999996,177,172,740.3815254237286,5,4245.939971999998,31796.680000000008,36146.37,19247.490000000005,43856.99
M00089,DecorShop 90,Home & Garden,Bretagne,0.0957,128884.15000000001,190,187,678.3376315789474,6,12334.213155,38979.04,39731.409999999996,14106.149999999998,36067.549999999996
M00190,DecorShop 91,Home & Garden,Bretagne,0.0715,125263.09999999995,281,273,445.7761565836297,7,8956.311649999996,30846.579999999998,45026.37,10569.100000000002,38821.049999999996
M00191,DecorShop 92,Home & Garden,Bretagne,0.0395,92797.79000000002,146,143,635.6013013698632,8,3665.512705000001,36109.270000000004,28946.629999999994,10997.300000000001,16744.59
M00178,HomeCenter 79,Home & Garden,Bretagne,0.0468,91574.78999999998,179,176,511.5910055865921,9,4285.700171999999,24449.130000000005,28946.109999999997,8642.569999999998,29536.980000000003
M00338,HomeStyle 39,Home & Garden,Bretagne,0.0111,62758.02,117,116,536.3933333333333,10,696.614022,25623.68999999999,18185.579999999994,4369.7300000000005,14579.02
M00004,GardenWorld 5,Home & Garden,Grand Est,0.0775,202755.18,312,294,649.8563461538462,1,15713.52645,60628.529999999984,56897.04,27275.78,57953.829999999994
M00484,HomeStyle 85,Home & Garden,Grand Est,0.0541,136380.09000000005,201,194,678.5079104477614,2,7378.162869000003,43487.94,36791.38999999999,19573.47,36527.29
M00457,DecorShop 58,Home & Garden,Grand Est,0.046,123781.69999999991,214,209,578.4191588785043,3,5693.9581999999955,33858.21999999999,42694.45000000001,13890.17,33338.86
M00365,HomeCenter 66,Home & Garden,Hauts-de-France,0.0209,199930.84,279,266,716.5979928315412,1,4178.554556,62122.179999999986,59459.84000000002,17725.389999999996,60623.430000000015
M00152,GardenWorld 53,Home & Garden,Hauts-de-France,0.0123,131832.23000000004,163,159,808.7866871165646,2,1621.5364290000005,40599.37999999999,26213.469999999994,23895.76,41123.61999999999
M00389,HomeStyle 90,Home & Garden,Ile-de-France,0.0352,127247.17000000003,195,190,652.5495897435899,1,4479.100384000001,43514.95000000001,39330.0,18738.49,25663.73
M00035,GardenWorld 36,Home & Garden,Ile-de-France,0.0846,38595.10000000001,120,117,321.62583333333345,2,3265.145460000001,11848.919999999998,13730.290000000003,3974.71,9041.179999999998
M00202,HomeCenter 3,Home & Garden,Normandie,0.0141,190872.08000000013,342,324,558.1054970760238,1,2691.2963280000017,57037.47000000001,57712.539999999964,19151.730000000003,56970.34
M00195,HomeCenter 96,Home & Garden,Normandie,0.086,159365.62000000005,248,243,642.6033064516131,2,13705.443320000004,49042.929999999986,42532.03999999999,24218.68,43571.97
M00009,DecorShop 10,Home & Garden,Normandie,0.058,143953.3,305,291,471.9780327868852,3,8349.2914,48531.36999999998,47270.54000000001,16465.57,31685.819999999996
M00480,HomeCenter 81,Home & Garden,Normandie,0.0106,138404.88,273,258,506.9775824175824,4,1467.091728,37215.950000000004,44576.53,19541.180000000004,37071.22
M00466,DecorShop 67,Home & Garden,Normandie,0.0928,130538.66999999991,238,231,548.4818067226887,5,12113.98857599999,39133.229999999996,45665.060000000005,12811.399999999998,32928.979999999996
M00493,HomeStyle 94,Home & Garden,Normandie,0.049,110694.55,163,159,679.1076687116565,6,5424.032950000001,33114.45999999999,32295.820000000007,14248.779999999997,31035.489999999994
M00420,HomeCenter 21,Home & Garden,Normandie,0.0268,69259.31000000003,89,88,778.1944943820228,7,1856.1495080000009,24247.589999999997,19836.5,6277.6,18897.62
M00160,HomeCenter 61,Home & Garden,Normandie,0.0663,66385.00000000001,146,139,454.6917808219179,8,4401.325500000001,18235.879999999997,22559.33,9796.61,15793.179999999998
M00289,DecorShop 90,Home & Garden,Normandie,0.0326,62683.21,127,126,493.56858267716535,9,2043.4726459999997,17685.960000000003,20840.87,7380.6900000000005,16775.69
M00087,DecorShop 88,Home & Garden,Nouvelle-Aquitaine,0.0443,154657.31000000006,267,256,579.2408614232212,1,6851.318833000002,47853.54999999999,46928.01,19045.68,40830.07
M00008,HomeCenter 9,Home & Garden,Nouvelle-Aquitaine,0.0836,110434.94999999997,201,195,549.4276119402983,2,9232.361819999996,29372.409999999993,36082.31,17317.77,27662.46
M00479,GardenWorld 80,Home & Garden,Nouvelle-Aquitaine,0.0947,85711.6,155,150,552.978064516129,3,8116.888520000001,27472.71,24702.539999999994,9265.1,24271.249999999996
M00033,HomeStyle 34,Home & Garden,Nouvelle-Aquitaine,0.09,61651.41000000002,150,146,411.00940000000014,4,5548.626900000001,19069.45,17173.239999999998,5478.210000000001,19930.510000000002
M00174,DecorShop 75,Home & Garden,Nouvelle-Aquitaine,0.0403,48691.80999999999,96,95,507.2063541666666,5,1962.2799429999998,12641.189999999999,17723.91,1525.2199999999998,16801.489999999998
M00110,HomeCenter 11,Home & Garden,Nouvelle-Aquitaine,0.0958,40604.68999999999,66,64,615.2225757575756,6,3889.9293019999986,11476.279999999999,10270.189999999999,3389.2,15469.02
M00117,HomeStyle 18,Home & Garden,Occitanie,0.0892,139776.43000000005,230,221,607.7236086956524,1,12468.057556000005,51656.96000000001,29251.309999999998,17861.510000000002,41006.65000000001
M00145,GardenWorld 46,Home & Garden,Occitanie,0.0178,113819.45999999996,148,147,769.0504054054052,2,2025.9863879999994,33432.78,29768.170000000002,11810.380000000001,38808.13
M00482,DecorShop 83,Home & Garden,Occitanie,0.0316,109782.39000000003,191,184,574.7769109947645,3,3469.1235240000015,35155.59,36213.97000000001,12119.620000000003,26293.209999999995
M00251,GardenWorld 52,Home & Garden,Occitanie,0.0714,93337.03999999998,194,191,481.11876288659784,4,6664.264655999999,32072.969999999998,22402.809999999998,10432.85,28428.409999999993
M00223,GardenWorld 24,Home & Garden,Occitanie,0.0768,84340.12999999999,147,145,573.7423809523809,5,6477.321983999998,31432.899999999994,25085.61999999999,7929.18,19892.430000000004
M00171,HomeStyle 72,Home & Garden,Occitanie,0.0686,81990.72,135,132,607.3386666666667,6,5624.563392,22073.020000000004,19696.109999999997,20107.190000000002,20114.399999999998
M00074,DecorShop 75,Home & Garden,Occitanie,0.0827,80751.11999999995,157,154,514.3383439490443,7,6678.117623999996,26362.879999999997,27148.669999999995,8586.79,18652.779999999995
M00304,HomeStyle 5,Home & Garden,Pays de la Loire,0.0426,153915.30000000005,260,248,591.9819230769233,1,6556.791780000001,52582.47000000001,43861.31,18240.79,39230.73000000001
M00238,HomeStyle 39,Home & Garden,Pays de la Loire,0.0512,138157.2,228,223,605.9526315789474,2,7073.648640000001,41594.81000000001,44138.72999999999,16539.3,35884.36
M00388,HomeStyle 89,Home & Garden,Pays de la Loire,0.0932,134355.69,222,215,605.2058108108108,3,12521.950308000001,35724.2,41872.51999999999,19754.879999999997,37004.09
M00213,HomeStyle 14,Home & Garden,Pays de la Loire,0.0521,130111.22000000002,232,222,560.8242241379311,4,6778.794562000001,36572.19000000001,40320.750000000015,17604.309999999998,35613.97
M00188,GardenWorld 89,Home & Garden,Pays de la Loire,0.085,129970.46999999997,214,199,607.3386448598129,5,11047.48995,32601.989999999994,53242.71000000002,10516.590000000002,33609.17999999999
M00336,HomeStyle 37,Home & Garden,Pays de la Loire,0.0657,128827.26999999996,252,241,511.21932539682524,6,8463.951638999997,32481.100000000002,44237.590000000004,10949.619999999999,41158.95999999999
M00021,HomeCenter 22,Home & Garden,Pays de la Loire,0.0704,116250.13999999998,208,206,558.8949038461537,7,8184.009856,28193.72000000001,43690.049999999996,10264.829999999998,34101.54
M00007,DecorShop 8,Home & Garden,Pays de la Loire,0.0182,100474.26999999999,182,174,552.0564285714286,8,1828.6317139999999,21228.109999999997,34042.079999999994,13299.200000000003,31904.880000000005
M00022,GardenWorld 23,Home & Garden,Pays de la Loire,0.0456,75646.12,142,139,532.7191549295775,9,3449.463072,24510.490000000013,24034.820000000003,8739.410000000002,18361.399999999998
M00197,GardenWorld 98,Home & Garden,Provence-Alpes-Côte d'Azur,0.0337,171679.1999999999,273,262,628.8615384615381,1,5785.589039999996,50174.340000000004,50826.000000000015,18937.12,51741.74
M00407,HomeStyle 8,Home & Garden,Provence-Alpes-Côte d'Azur,0.0259,128441.24999999996,152,148,845.0082236842103,2,3326.628374999999,37667.82,44170.42,19390.95,27212.06
M00239,HomeStyle 40,Home & Garden,Provence-Alpes-Côte d'Azur,0.0906,104825.79000000001,187,183,560.5657219251337,3,9497.216574,26540.54,36727.39000000001,16068.490000000002,25489.37000000001
M00358,ActiveWear 59,Sports,Auvergne-Rhône-Alpes,0.02,69701.20999999996,307,293,227.03977198697055,1,1394.0241999999994,21575.030000000002,24994.650000000005,7338.730000000001,15792.799999999996
M00328,FitnessShop 29,Sports,Auvergne-Rhône-Alpes,0.0334,59675.98000000001,204,196,292.5293137254902,2,1993.1777320000003,16351.85,16848.699999999997,11878.929999999998,14596.5
M00128,ActiveWear 29,Sports,Auvergne-Rhône-Alpes,0.0352,50163.65,182,175,275.62445054945056,3,1765.7604800000001,16075.85,13619.349999999999,5109.379999999999,15359.069999999998
M00086,ActiveWear 87,Sports,Auvergne-Rhône-Alpes,0.0831,44492.069999999985,187,181,237.9255080213903,4,3697.2910169999986,12221.159999999998,12718.050000000003,5490.28,14062.579999999998
M00423,FitnessShop 24,Sports,Auvergne-Rhône-Alpes,0.0884,36009.740000000005,110,109,327.36127272727276,5,3183.261016000001,12109.369999999999,10116.160000000002,3774.7400000000007,10009.469999999998
M00175,SportHub 76,Sports,Auvergne-Rhône-Alpes,0.0594,22838.75999999999,96,95,237.90374999999992,6,1356.6223439999994,6582.949999999998,5745.42,2777.49,7732.9
M00307,ActiveWear 8,Sports,Bretagne,0.0602,87826.0,280,261,313.6642857142857,1,5287.1251999999995,20850.779999999995,29793.57000000001,10549.61,26632.04
M00129,FitnessShop 30,Sports,Bretagne,0.0529,54671.579999999994,144,141,379.66374999999994,2,2892.126582,12766.380000000001,20844.770000000004,6914.97,14145.46
M00352,ActiveWear 53,Sports,Grand Est,0.0749,93186.31000000003,237,229,393.1911814345993,1,6979.654619000002,21230.79,26887.93999999999,11892.640000000003,33174.94
M00072,SportHub 73,Sports,Grand Est,0.0584,92039.23999999999,266,256,346.0121804511278,2,5375.091616,26875.72,23503.869999999995,11341.420000000002,30318.229999999996
M00473,FitnessShop 74,Sports,Grand Est,0.0301,87449.19000000006,305,291,286.7186557377051,3,2632.2206190000015,25689.68,23859.14,11002.4,26897.97000000001
M00237,ActiveWear 38,Sports,Grand Est,0.0855,74428.20999999999,248,244,300.11375,4,6363.611954999999,23890.35,21720.76,8101.509999999999,20715.589999999997
M00134,ActiveWear 35,Sports,Grand Est,0.0382,32102.619999999995,125,124,256.82095999999996,5,1226.3200839999997,9473.710000000001,10328.869999999997,3735.32,8564.72
M00351,SportHub 52,Sports,Grand Est,0.0333,5225.139999999999,17,17,307.3611764705882,6,173.997162,344.53,2138.88,1388.41,1353.32
M00324,ActiveWear 25,Sports,Hauts-de-France,0.0758,99724.14999999995,282,271,353.6317375886523,1,7559.090569999997,31561.519999999997,33982.39999999999,9984.879999999997,24195.34999999999
M00046,SportZone 47,Sports,Hauts-de-France,0.0477,78426.84999999996,268,255,292.6374999999999,2,3740.960744999998,25380.290000000005,21211.670000000002,9160.86,22674.03
M00280,FitnessShop 81,Sports,Hauts-de-France,0.0922,70003.29000000004,277,267,252.71945848375464,3,6454.303338000003,19996.199999999997,19092.760000000002,9286.78,21627.549999999996
M00331,FitnessShop 32,Sports,Hauts-de-France,0.0186,68663.49000000002,226,218,303.8207522123895,4,1277.1409140000003,16550.830000000005,18781.239999999998,10964.179999999998,22367.24
M00359,SportHub 60,Sports,Hauts-de-France,0.0232,23934.169999999995,145,141,165.0632413793103,5,555.2727439999999,6314.089999999999,7451.710000000001,4124.089999999999,6044.280000000002
M00157,SportZone 58,Sports,Ile-de-France,0.0552,69263.92000000001,218,213,317.72440366972484,1,3823.368384000001,18928.739999999998,20537.71999999999,9125.470000000001,20671.989999999998
M00187,ActiveWear 88,Sports,Ile-de-France,0.0852,68748.11000000002,291,283,236.24780068728526,2,5857.338972000001,18312.41999999999,19218.309999999998,11024.34,20193.039999999997
M00149,FitnessShop 50,Sports,Ile-de-France,0.0974,65305.75999999998,230,225,283.93808695652166,3,6360.781023999998,17521.620000000003,21374.140000000007,8568.560000000001,17841.44
M00183,ActiveWear 84,Sports,Ile-de-France,0.0293,44204.22,146,146,302.7686301369863,4,1295.183646,13990.740000000003,13742.019999999997,4673.76,11797.7
M00207,ActiveWear 8,Sports,Ile-de-France,0.0555,40943.86999999998,153,152,267.60699346405215,5,2272.384784999999,10848.350000000004,12667.56,3759.5199999999995,13668.44
M00361,SportHub 62,Sports,Normandie,0.0692,73072.46,242,235,301.9523140495868,1,5056.614232,21507.450000000004,22876.969999999998,9813.92,18874.12
M00405,SportHub 6,Sports,Normandie,0.046,63641.350000000006,201,198,316.62363184079607,2,2927.5021,19677.679999999997,19177.13,9847.63,14938.909999999998
M00181,FitnessShop 82,Sports,Normandie,0.0877,57133.439999999995,174,171,328.3531034482758,3,5010.602688,15399.88,18539.690000000002,6719.320000000001,16474.550000000003
M00083,FitnessShop 84,Sports,Normandie,0.0709,46964.16,189,186,248.48761904761906,4,3329.7589440000006,14306.680000000004,14472.340000000004,5677.490000000001,12507.650000000001
M00047,ActiveWear 48,Sports,Normandie,0.0215,42878.88,169,162,253.72118343195265,5,921.8959199999998,12926.580000000004,12394.029999999995,4587.33,12970.94
M00199,ActiveWear 100,Sports,Normandie,0.0931,38780.67000000001,133,130,291.58398496240613,6,3610.480377000001,9676.4,12842.989999999998,5932.85,10328.43
M00162,ActiveWear 63,Sports,Nouvelle-Aquitaine,0.0341,117120.05000000002,398,377,294.2714824120603,1,3993.7937050000005,35484.09,35416.40999999999,11902.680000000002,34316.87
M00320,FitnessShop 21,Sports,Nouvelle-Aquitaine,0.0908,101126.73999999995,270,262,374.5434814814813,2,9182.307991999996,26973.69,37532.23999999999,13580.19,23040.62000000001
M00209,SportZone 10,Sports,Nouvelle-Aquitaine,0.0943,49412.17999999999,121,118,408.36512396694206,3,4659.568573999999,9450.98,16837.669999999995,7063.5,16060.029999999999
M00317,FitnessShop 18,Sports,Occitanie,0.0929,65941.91,252,244,261.67424603174607,1,6126.003439,17087.85,18597.330000000005,8837.58,21419.149999999994
M00390,ActiveWear 91,Sports,Occitanie,0.081,61036.45999999997,238,230,256.4557142857142,2,4943.9532599999975,16335.839999999998,18603.039999999997,8796.91,17300.67
M00370,ActiveWear 71,Sports,Occitanie,0.0167,38919.59999999999,110,108,353.8145454545454,3,649.9573199999999,13411.519999999997,13538.869999999997,3974.31,7994.9
M00256,ActiveWear 57,Sports,Occitanie,0.0738,28200.939999999988,145,144,194.48924137931027,4,2081.2293719999993,7622.31,7630.109999999998,1829.7000000000003,11118.820000000002
M00051,ActiveWear 52,Sports,Pays de la Loire,0.0364,103290.69000000003,335,317,308.33041791044786,1,3759.7811160000015,28799.959999999992,30290.350000000013,13893.729999999998,30306.650000000005
M00452,SportZone 53,Sports,Pays de la Loire,0.0346,69559.13000000002,256,245,271.7153515625001,2,2406.7458980000006,20245.590000000007,20004.120000000003,12010.72,17298.7
M00266,SportHub 67,Sports,Pays de la Loire,0.087,61249.16999999999,220,215,278.40531818181813,3,5328.677789999999,16586.05,18388.42,9728.010000000004,16546.690000000002
M00118,SportHub 19,Sports,Pays de la Loire,0.0616,58150.80999999999,210,206,276.908619047619,4,3582.0898959999995,16115.83,20418.699999999997,8537.1,13079.18
M00478,SportHub 79,Sports,Pays de la Loire,0.037,51314.70999999999,144,139,356.35215277777775,5,1898.6442699999996,11985.339999999997,22336.060000000005,7416.330000000001,9576.980000000003
M00079,SportZone 80,Sports,Pays de la Loire,0.0726,2928.28,22,22,133.10363636363638,6,212.593128,936.4300000000001,170.54,335.28999999999996,1486.0200000000002
M00259,SportZone 60,Sports,Provence-Alpes-Côte d'Azur,0.0202,87149.81000000001,260,249,335.191576923077,1,1760.4261620000002,23620.570000000007,24527.679999999993,11817.949999999999,27183.609999999993
M00348,ActiveWear 49,Sports,Provence-Alpes-Côte d'Azur,0.0572,83929.67,292,280,287.4303767123288,2,4800.777124,24873.619999999995,28336.500000000004,12164.210000000001,18555.34
M00155,ActiveWear 56,Sports,Provence-Alpes-Côte d'Azur,0.0635,75950.7,249,241,305.02289156626506,3,4822.86945,21965.469999999994,22950.029999999995,5905.91,25129.289999999997
M00231,SportZone 32,Sports,Provence-Alpes-Côte d'Azur,0.0335,54497.41,160,158,340.6088125,4,1825.6632350000002,18280.120000000003,15207.400000000001,6546.610000000001,14463.279999999997
M00431,ActiveWear 32,Sports,Provence-Alpes-Côte d'Azur,0.0502,50054.83999999998,132,131,379.2033333333332,5,2512.7529679999993,13891.739999999996,18295.350000000002,6541.669999999999,11326.080000000004
M00111,SportZone 12,Sports,Provence-Alpes-Côte d'Azur,0.0687,41101.009999999995,109,104,377.07348623853204,6,2823.6393869999997,12984.890000000003,12109.929999999998,6321.88,9684.310000000003
M00056,KidsWorld 57,Toys,Auvergne-Rhône-Alpes,0.0245,39228.17,290,279,135.26955172413793,1,961.090165,11445.399999999996,11441.22,3841.7899999999995,12499.760000000006
M00006,ToyLand 7,Toys,Auvergne-Rhône-Alpes,0.0629,28227.00999999999,262,256,107.73667938931294,2,1775.4789289999994,7819.780000000002,10304.27,2857.149999999999,7245.8099999999995
M00372,ToyHub 73,Toys,Auvergne-Rhône-Alpes,0.0441,23390.66,230,227,101.69852173913043,3,1031.528106,6872.14,7000.32,2202.58,7315.619999999999
M00184,ToyHub 85,Toys,Auvergne-Rhône-Alpes,0.0922,15584.53000000001,170,165,91.673705882353,4,1436.893666000001,4461.449999999999,5107.98,2988.35,3026.7499999999995
M00130,KidsWorld 31,Toys,Auvergne-Rhône-Alpes,0.0237,10225.19,92,90,111.1433695652174,5,242.337003,2410.56,2918.5499999999993,1517.2399999999998,3378.839999999999
M00034,KidsWorld 35,Toys,Bretagne,0.085,20116.15,147,144,136.84455782312926,1,1709.8727500000002,6309.5199999999995,5975.700000000002,2524.74,5306.19
M00322,ToyHub 23,Toys,Bretagne,0.0833,19232.440000000006,222,214,86.63261261261263,2,1602.0622520000004,4519.3899999999985,6317.0,2648.5699999999997,5747.48
M00432,PlayShop 33,Toys,Bretagne,0.0474,15059.890000000001,147,144,102.44823129251702,3,713.838786,3946.899999999999,3756.1099999999997,1926.9199999999998,5429.96
M00198,PlayShop 99,Toys,Grand Est,0.034,33122.18,217,208,152.63677419354838,1,1126.1541200000001,8482.180000000002,8647.739999999998,5680.749999999999,10311.510000000004
M00236,ToyLand 37,Toys,Grand Est,0.0388,28267.38999999999,276,266,102.41807971014488,2,1096.7747319999996,11107.509999999997,6920.959999999998,2768.9500000000003,7469.97
M00498,KidsWorld 99,Toys,Grand Est,0.0864,25974.919999999995,257,247,101.06972762645913,3,2244.2330879999995,6789.880000000003,8294.730000000001,2041.2900000000004,8849.019999999997
M00435,KidsWorld 36,Toys,Grand Est,0.0849,21265.14,241,234,88.23709543568465,4,1805.410386,6094.4000000000015,6027.39,2185.49,6957.859999999999
M00005,KidsWorld 6,Toys,Grand Est,0.0404,18499.099999999995,183,180,101.08797814207648,5,747.3636399999998,4537.260000000002,5607.980000000001,2459.2499999999995,5894.610000000001
M00404,ToyHub 5,Toys,Hauts-de-France,0.0263,29137.04000000001,287,277,101.52278745644604,1,766.3041520000003,8137.979999999997,9725.309999999998,2883.830000000001,8389.92
M00321,PlayShop 22,Toys,Hauts-de-France,0.0473,22545.970000000005,190,185,118.66300000000003,2,1066.4243810000003,7077.950000000001,7698.090000000001,3688.77,4081.1599999999994
M00204,ToyHub 5,Toys,Hauts-de-France,0.0762,19035.1,148,146,128.61554054054054,3,1450.47462,6148.0199999999995,4974.420000000001,1618.54,6294.119999999998
M00096,PlayShop 97,Toys,Ile-de-France,0.0735,31738.59999999999,285,276,111.36350877192979,1,2332.787099999999,8209.709999999997,8995.359999999999,5015.300000000001,9518.230000000001
M00391,PlayShop 92,Toys,Ile-de-France,0.0845,31447.650000000016,265,256,118.67037735849063,2,2657.3264250000016,8979.400000000003,9654.88,4663.32,8150.049999999999
M00189,ToyLand 90,Toys,Ile-de-France,0.0415,30144.479999999992,235,226,128.27438297872337,3,1250.9959199999998,7547.650000000002,9743.500000000002,4290.07,8563.260000000002
M00491,ToyLand 92,Toys,Ile-de-France,0.0255,24693.560000000012,179,169,137.95284916201123,4,629.6857800000002,7323.969999999999,6626.650000000001,3468.9699999999993,7273.970000000002
M00041,ToyHub 42,Toys,Normandie,0.0788,25541.47,182,174,140.33774725274725,1,2012.6678359999999,7134.74,7862.4400000000005,3215.4099999999994,7328.88
M00448,ToyLand 49,Toys,Normandie,0.09,18996.249999999996,132,129,143.91098484848482,2,1709.6624999999997,5187.57,6521.879999999999,2253.95,5032.849999999999
M00180,ToyLand 81,Toys,Normandie,0.0311,15351.189999999995,171,167,89.77304093567248,3,477.42200899999983,4433.33,5533.740000000002,1823.8400000000001,3560.2800000000007
M00337,ToyLand 38,Toys,Normandie,0.069,14478.48,155,150,93.40954838709678,4,999.01512,5025.86,4185.580000000001,1919.65,3347.3899999999985
M00445,ToyLand 46,Toys,Normandie,0.0447,1683.35,17,17,99.02058823529411,5,75.24574499999999,513.74,739.3100000000001,0.0,430.30000000000007
M00013,ToyHub 14,Toys,Nouvelle-Aquitaine,0.081,36729.56999999999,342,327,107.39640350877191,1,2975.0951699999996,10955.550000000001,13054.05000000001,4692.429999999999,8027.54
M00049,KidsWorld 50,Toys,Nouvelle-Aquitaine,0.0971,33145.06,183,177,181.12054644808742,2,3218.385326,10230.27,8996.989999999998,4159.24,9758.56
M00137,ToyLand 38,Toys,Nouvelle-Aquitaine,0.0344,12936.750000000002,91,89,142.16208791208794,3,445.02420000000006,3804.88,2854.92,1522.38,4754.5700000000015
M00486,PlayShop 87,Toys,Occitanie,0.0446,30929.669999999987,267,256,115.84146067415726,1,1379.4632819999995,8749.330000000004,8402.429999999998,3808.2200000000003,9969.689999999999
M00158,ToyLand 59,Toys,Occitanie,0.0939,30151.410000000007,216,210,139.58986111111113,2,2831.2173990000006,6694.92,11246.910000000007,2485.27,9724.310000000003
M00066,PlayShop 67,Toys,Occitanie,0.0473,26894.82999999999,203,200,132.48684729064036,3,1272.1254589999996,7838.019999999999,8190.139999999999,3067.8899999999994,7798.780000000002
M00378,PlayShop 79,Toys,Occitanie,0.0446,26211.059999999998,191,183,137.23068062827224,4,1169.013276,6646.559999999998,7013.829999999998,4141.06,8409.610000000002
M00103,ToyLand 4,Toys,Occitanie,0.0198,25519.780000000002,242,235,105.45363636363638,5,505.2916440000001,5658.1,7339.039999999999,3196.59,9326.049999999996
M00165,ToyLand 66,Toys,Occitanie,0.0177,20618.68999999999,157,154,131.32923566878975,6,364.95081299999987,5157.7699999999995,6574.83,2581.2400000000002,6304.849999999999
M00374,PlayShop 75,Toys,Occitanie,0.0831,20267.960000000003,220,212,92.12709090909092,7,1684.267476,4489.54,6690.9000000000015,3006.7,6080.820000000001
M00253,KidsWorld 54,Toys,Occitanie,0.0352,19543.28999999999,161,158,121.38689440993782,8,687.9238079999997,7145.999999999998,6572.720000000002,1489.4099999999999,4335.160000000001
M00413,KidsWorld 14,Toys,Occitanie,0.0538,18636.800000000007,160,158,116.48000000000005,9,1002.6598400000004,5736.509999999999,5971.28,2249.13,4679.88
M00364,ToyHub 65,Toys,Occitanie,0.0352,12641.599999999999,98,98,128.99591836734692,10,444.98431999999997,4388.439999999999,3768.4,1290.62,3194.14
M00082,PlayShop 83,Toys,Pays de la Loire,0.0475,35790.77,297,286,120.50764309764308,1,1700.061575,10283.810000000001,10313.890000000001,5621.8,9571.270000000002
M00291,PlayShop 92,Toys,Pays de la Loire,0.0612,33201.880000000005,234,225,141.8883760683761,2,2031.9550560000002,8278.499999999998,12180.139999999998,2624.68,10118.56
M00125,ToyHub 26,Toys,Pays de la Loire,0.0338,27241.82000000002,229,215,118.95991266375555,3,920.7735160000007,8149.7599999999975,7547.49,3010.709999999999,8533.859999999997
M00212,KidsWorld 13,Toys,Pays de la Loire,0.0776,23795.699999999986,250,240,95.18279999999994,4,1846.546319999999,8635.779999999999,7038.600000000001,2390.5200000000004,5730.799999999999
M00470,ToyHub 71,Toys,Pays de la Loire,0.0966,23602.24,279,265,84.59584229390681,5,2279.976384,6855.04,6262.61,2872.8799999999997,7611.71
M00488,KidsWorld 89,Toys,Pays de la Loire,0.0482,20645.799999999996,197,192,104.80101522842638,6,995.1275599999998,5727.880000000001,5579.8600000000015,3202.83,6135.23
M00093,ToyHub 94,Toys,Pays de la Loire,0.0715,18911.26999999999,237,229,79.79438818565396,7,1352.1558049999992,4928.3,6973.999999999999,2634.75,4374.220000000001
M00415,PlayShop 16,Toys,Pays de la Loire,0.0905,18347.22000000001,123,122,149.16439024390252,8,1660.4234100000008,3670.3500000000004,8327.489999999998,1455.63,4893.75
M00043,ToyLand 44,Toys,Pays de la Loire,0.0638,17363.280000000006,189,184,91.86920634920638,9,1107.7772640000003,5575.62,4532.849999999999,2092.9700000000003,5161.839999999999
M00421,ToyLand 22,Toys,Provence-Alpes-Côte d'Azur,0.0576,29600.29,217,211,136.406866359447,1,1704.976704,7071.5700000000015,8895.289999999997,4571.64,9061.789999999999
M00342,KidsWorld 43,Toys,Provence-Alpes-Côte d'Azur,0.0989,26845.46000000003,212,206,126.62952830188692,2,2655.015994000003,7561.9299999999985,8034.09,2838.4200000000005,8411.019999999999
M00270,PlayShop 71,Toys,Provence-Alpes-Côte d'Azur,0.0495,23502.219999999998,176,172,133.5353409090909,3,1163.35989,7478.649999999999,7161.91,2658.09,6203.570000000001
M00017,ToyHub 18,Toys,Provence-Alpes-Côte d'Azur,0.0327,10497.41,122,122,86.04434426229508,4,343.265307,2884.830000000001,3490.6599999999994,1223.6,2898.3200000000006
